senioridade,idade,horas_trabalho,pct_reunioes,interacoes_noturnas,periodo_sem_ferias,score_satisfacao,burnout_label
Junior,25,48,0.44,5,12,5,0
Junior,20,41,0.48,2,7,4,0
Senior,31,47,0.24,7,26,5,0
Junior,36,47,0.53,3,14,3,0
Junior,31,44,0.27,1,7,3,0
Pleno,30,43,0.1,5,36,1,0
Pleno,39,42,0.35,4,3,4,0
Junior,29,45,0.22,4,2,5,0
Junior,26,41,0.34,5,14,3,0
Pleno,33,49,0.53,6,7,3,1
Pleno,35,52,0.32,7,6,2,1
Junior,30,40,0.25,4,2,5,0
Pleno,33,43,0.31,7,13,3,0
Senior,27,50,0.28,2,4,2,0
Senior,27,46,0.12,2,5,4,0
Pleno,25,52,0.49,3,1,4,0
Senior,33,48,0.45,9,11,5,1
Pleno,20,48,0.57,3,9,5,0
Pleno,27,50,0.47,5,4,5,0
Junior,21,42,0.53,4,2,2,0
Pleno,31,35,0.11,2,7,1,0
Pleno,31,45,0.32,4,4,5,0
Pleno,27,41,0.31,1,7,1,0
Pleno,26,45,0.13,10,8,5,0
Senior,21,54,0.32,12,18,3,1
Pleno,32,40,0.53,2,31,4,0
Junior,33,48,0.21,4,6,2,0
Junior,25,45,0.59,9,15,2,1
Junior,20,39,0.51,3,22,5,0
Junior,36,42,0.45,3,14,4,0
Senior,27,46,0.27,5,14,5,0
Junior,31,39,0.37,7,0,3,0
Junior,31,46,0.34,7,6,2,1
Pleno,28,43,0.51,4,20,5,0
Pleno,29,40,0.13,5,30,5,0
Pleno,41,42,0.55,4,4,2,0
Junior,27,46,0.58,9,6,1,1
Pleno,26,57,0.39,6,5,3,1
Junior,24,40,0.58,3,4,5,0
Pleno,32,52,0.49,2,2,4,0
Senior,39,47,0.45,8,10,2,1
Pleno,31,38,0.15,4,6,3,0
Senior,35,48,0.34,2,6,2,0
Pleno,26,45,0.23,7,12,4,0
Pleno,28,41,0.51,1,1,5,0
Junior,37,47,0.21,7,16,3,0
Junior,28,39,0.11,8,9,5,0
Junior,30,42,0.54,3,0,3,0
Junior,24,38,0.42,4,27,1,0
Pleno,37,40,0.27,6,4,5,0
Pleno,34,48,0.24,5,10,2,0
Senior,34,45,0.41,1,2,4,0
Pleno,32,46,0.57,5,16,3,1
Pleno,28,39,0.11,4,2,3,0
Junior,20,40,0.52,15,11,2,1
Senior,23,46,0.26,5,9,3,0
Pleno,23,39,0.16,4,3,1,0
Pleno,40,39,0.32,2,1,1,0
Junior,31,38,0.24,2,30,3,0
Junior,36,41,0.1,6,19,2,0
Pleno,37,42,0.41,5,2,2,0
Junior,27,42,0.37,4,20,2,0
Senior,20,51,0.13,3,3,1,0
Junior,27,40,0.39,5,10,5,0
Junior,34,42,0.57,5,9,3,0
Senior,36,54,0.42,9,12,1,1
Pleno,26,43,0.39,2,5,3,0
Junior,25,40,0.38,3,1,3,0
Pleno,33,40,0.43,7,0,4,0
Junior,34,51,0.11,3,17,1,0
Senior,23,48,0.33,4,6,3,0
Pleno,29,51,0.41,4,20,1,1
Pleno,22,47,0.34,7,11,3,1
Junior,20,41,0.25,3,0,5,0
Junior,20,39,0.1,4,1,5,0
Pleno,34,57,0.3,2,0,2,0
Pleno,30,44,0.51,6,14,4,0
Junior,28,54,0.41,3,29,1,1
Pleno,21,50,0.29,4,15,2,0
Pleno,24,40,0.32,6,0,5,0
Pleno,34,46,0.2,3,0,4,0
Pleno,26,47,0.38,12,21,3,1
Pleno,24,45,0.48,4,2,4,0
Pleno,40,43,0.53,7,36,4,1
Pleno,26,51,0.31,7,14,2,1
Pleno,34,41,0.19,5,22,1,0
Senior,29,42,0.52,2,3,5,0
Senior,32,48,0.18,6,6,3,0
Senior,36,48,0.23,8,0,5,0
Junior,27,46,0.5,9,13,2,1
Junior,21,50,0.14,2,0,5,0
Junior,32,49,0.41,5,17,1,1
Junior,27,40,0.53,2,6,5,0
Pleno,39,47,0.31,5,8,5,0
Junior,28,43,0.57,1,4,3,0
Pleno,25,43,0.42,4,5,1,0
Pleno,37,44,0.45,2,2,3,0
Pleno,31,44,0.16,6,7,2,0
Pleno,31,48,0.22,4,16,5,0
Junior,31,48,0.21,8,6,3,1
Senior,27,43,0.17,4,0,2,0
Junior,20,45,0.42,3,2,5,0
Junior,38,42,0.29,4,7,5,0
Pleno,26,47,0.15,10,9,2,1
Junior,20,42,0.25,6,4,5,0
Junior,38,51,0.14,5,10,4,0
Pleno,31,57,0.5,5,8,2,1
Junior,23,41,0.15,6,4,1,0
Junior,32,38,0.25,4,30,4,0
Junior,25,39,0.42,4,0,5,0
Pleno,42,45,0.49,1,24,5,0
Junior,30,43,0.39,6,2,3,0
Junior,22,42,0.38,3,9,4,0
Junior,20,41,0.54,6,5,2,1
Pleno,30,48,0.32,4,9,3,0
Junior,26,40,0.51,7,36,4,1
Pleno,35,49,0.43,5,5,2,1
Junior,31,45,0.45,3,2,3,0
Junior,36,44,0.57,8,14,1,1
Pleno,27,40,0.39,5,3,4,0
Pleno,27,48,0.4,5,0,5,0
Senior,40,51,0.57,4,36,5,0
Senior,28,54,0.49,6,8,4,1
Pleno,20,52,0.34,6,21,3,1
Pleno,38,38,0.23,4,5,2,0
Junior,34,42,0.24,3,17,1,0
Pleno,40,48,0.17,6,8,2,1
Senior,28,41,0.41,5,13,5,0
Pleno,34,45,0.33,3,0,4,0
Junior,26,46,0.34,8,6,1,1
Pleno,37,42,0.43,5,10,3,0
Pleno,20,47,0.15,4,11,4,0
Senior,33,48,0.29,6,7,4,0
Pleno,29,47,0.32,6,0,4,0
Pleno,29,49,0.38,1,7,2,0
Senior,33,51,0.45,5,7,5,0
Junior,25,41,0.22,5,0,1,0
Pleno,42,46,0.39,6,5,2,1
Junior,31,42,0.58,5,36,2,1
Junior,44,42,0.19,2,36,3,0
Senior,28,55,0.5,5,9,1,1
Junior,31,42,0.35,2,0,2,0
Senior,24,44,0.23,3,6,1,0
Pleno,35,44,0.2,5,11,5,0
Junior,28,40,0.3,6,1,2,0
Senior,31,54,0.57,2,16,1,1
Pleno,39,47,0.25,7,30,2,1
Junior,20,44,0.13,8,36,5,0
Junior,20,46,0.53,4,5,1,1
Junior,26,44,0.36,5,5,3,0
Senior,33,59,0.23,8,29,5,1
Pleno,28,37,0.55,6,0,4,0
Pleno,29,46,0.49,10,19,1,1
Pleno,38,41,0.1,3,8,1,0
Pleno,23,44,0.19,4,22,4,0
Senior,20,47,0.3,2,5,5,0
Junior,38,42,0.34,4,0,2,0
Senior,34,46,0.38,2,17,5,0
Junior,21,45,0.14,4,2,5,0
Pleno,29,48,0.43,1,1,3,0
Pleno,29,46,0.42,4,12,2,0
Pleno,22,45,0.29,4,0,4,0
Junior,27,40,0.53,7,15,4,0
Senior,30,54,0.42,4,8,2,1
Junior,32,40,0.46,3,4,3,0
Pleno,30,42,0.4,8,5,5,0
Junior,20,42,0.31,9,35,1,1
Senior,22,47,0.39,4,1,5,0
Pleno,32,46,0.42,5,33,4,0
Junior,36,48,0.44,5,4,1,1
Pleno,30,58,0.51,7,11,4,1
Pleno,34,41,0.56,5,21,3,0
Pleno,30,51,0.19,10,8,4,1
Junior,37,43,0.53,9,5,3,1
Pleno,20,37,0.59,7,28,5,0
Pleno,27,40,0.38,4,1,2,0
Pleno,25,43,0.38,1,3,2,0
Pleno,33,59,0.51,11,14,3,1
Junior,36,38,0.17,8,4,5,0
Junior,29,45,0.32,7,24,1,1
Junior,26,37,0.27,4,7,3,0
Junior,34,43,0.34,5,4,3,0
Pleno,33,57,0.41,6,11,4,1
Pleno,34,44,0.32,3,9,3,0
Pleno,28,39,0.32,0,1,3,0
Junior,31,44,0.13,9,3,5,0
Junior,34,47,0.29,5,2,4,0
Senior,24,46,0.26,4,1,3,0
Pleno,24,49,0.52,7,18,1,1
Senior,23,46,0.22,6,3,2,0
Junior,28,47,0.34,3,11,3,0
Junior,25,46,0.27,7,11,1,1
Junior,30,40,0.11,3,1,1,0
Senior,33,47,0.24,4,3,5,0
Pleno,29,53,0.16,5,29,2,1
Junior,22,51,0.55,1,36,3,0
Senior,41,43,0.58,8,11,3,1
Pleno,20,42,0.58,7,16,4,0
Pleno,24,41,0.17,8,0,5,0
Senior,46,40,0.44,8,8,3,1
Pleno,29,44,0.12,4,0,4,0
Pleno,38,49,0.19,5,24,4,0
Senior,20,39,0.36,3,8,4,0
Junior,27,45,0.39,4,1,4,0
Junior,23,47,0.31,6,34,1,1
Junior,32,53,0.41,6,8,2,1
Pleno,31,43,0.55,8,7,3,1
Junior,32,40,0.31,4,18,5,0
Pleno,27,41,0.49,10,17,2,1
Pleno,37,44,0.52,10,22,5,1
Pleno,24,39,0.5,5,8,5,0
Junior,29,43,0.21,10,3,5,0
Pleno,35,43,0.17,8,1,3,0
Senior,21,41,0.23,5,10,5,0
Junior,20,39,0.43,7,8,4,0
Junior,25,45,0.54,4,1,5,0
Pleno,37,47,0.34,4,2,5,0
Pleno,20,41,0.49,4,2,5,0
Pleno,40,50,0.14,3,0,4,0
Pleno,30,51,0.49,7,31,5,1
Junior,26,45,0.27,7,24,5,0
Junior,20,48,0.14,7,3,4,0
Senior,32,47,0.17,1,3,5,0
Senior,33,54,0.36,4,12,1,1
Senior,23,48,0.33,4,1,4,0
Pleno,23,41,0.47,3,36,3,0
Pleno,31,42,0.24,9,14,5,0
Junior,41,44,0.18,5,4,5,0
Junior,36,42,0.39,2,6,3,0
Junior,29,42,0.49,4,4,4,0
Junior,29,41,0.27,7,15,1,1
Senior,35,46,0.14,4,3,4,0
Junior,29,42,0.42,4,20,4,0
Senior,34,41,0.18,1,10,1,0
Pleno,31,43,0.19,3,5,3,0
Senior,21,57,0.48,4,11,5,0
Senior,44,44,0.13,5,11,2,0
Junior,34,47,0.18,2,29,4,0
Pleno,30,39,0.44,4,0,5,0
Senior,27,47,0.14,4,24,3,0
Junior,27,41,0.58,9,14,1,1
Pleno,32,52,0.39,6,21,1,1
Junior,39,44,0.42,6,3,3,0
Junior,29,43,0.13,7,4,3,0
Pleno,20,47,0.39,3,9,4,0
Junior,34,40,0.22,5,4,5,0
Pleno,35,46,0.25,5,10,4,0
Pleno,35,41,0.52,2,0,2,0
Pleno,25,40,0.24,4,14,3,0
Pleno,32,42,0.16,6,3,1,0
Pleno,21,55,0.33,9,9,1,1
Senior,31,54,0.52,2,4,3,0
Pleno,28,46,0.26,9,2,5,0
Senior,34,39,0.26,8,20,3,0
Junior,29,41,0.15,4,1,5,0
Senior,20,40,0.12,5,26,4,0
Pleno,28,51,0.6,10,9,1,1
Senior,29,45,0.1,8,15,4,0
Senior,26,55,0.48,5,7,2,1
Pleno,21,40,0.44,1,7,3,0
Senior,28,50,0.48,8,26,3,1
Pleno,28,47,0.51,5,14,1,1
Senior,33,50,0.26,12,12,3,1
Pleno,38,48,0.11,6,12,1,1
Junior,30,42,0.17,4,1,2,0
Junior,25,42,0.32,3,7,4,0
Pleno,41,52,0.19,9,25,1,1
Senior,27,52,0.26,6,11,2,1
Junior,20,47,0.4,4,23,1,1
Junior,26,50,0.42,4,13,3,0
Senior,21,50,0.23,7,21,2,1
Junior,30,39,0.4,6,26,5,0
Pleno,38,44,0.55,6,5,5,0
Pleno,33,42,0.39,9,8,5,0
Junior,24,50,0.26,6,5,1,1
Pleno,30,47,0.33,9,8,3,1
Junior,30,42,0.6,5,6,5,0
Junior,26,42,0.57,8,36,1,1
Senior,33,57,0.35,3,8,1,1
Pleno,31,39,0.51,2,28,3,0
Pleno,35,41,0.26,5,8,3,0
Senior,37,46,0.47,3,10,2,0
Junior,37,40,0.18,3,0,2,0
Pleno,24,45,0.44,6,6,1,1
Junior,25,56,0.33,6,8,3,1
Pleno,24,43,0.58,2,13,4,0
Pleno,34,48,0.48,9,11,2,1
Junior,36,45,0.52,8,7,4,1
Pleno,28,41,0.13,8,6,5,0
Senior,31,45,0.46,9,8,4,1
Pleno,34,45,0.29,2,29,4,0
Junior,33,48,0.33,5,12,3,0
Pleno,30,47,0.34,3,0,4,0
Senior,25,47,0.38,5,7,1,1
Junior,32,38,0.22,6,5,3,0
Pleno,29,39,0.46,8,0,4,0
Pleno,27,52,0.28,8,4,2,1
Senior,34,42,0.56,7,18,1,1
Junior,24,50,0.45,6,28,2,1
Pleno,20,43,0.55,6,2,4,0
Pleno,27,49,0.22,1,9,5,0
Junior,29,42,0.43,6,32,5,0
Junior,33,38,0.19,4,4,2,0
Senior,26,51,0.36,7,10,2,1
Junior,36,46,0.36,5,7,5,0
Junior,30,46,0.23,2,11,4,0
Junior,23,43,0.13,8,8,4,0
Pleno,34,55,0.46,7,14,3,1
Senior,20,48,0.22,6,10,1,1
Pleno,37,47,0.59,9,17,2,1
Pleno,35,40,0.38,3,8,5,0
Junior,23,45,0.14,0,11,2,0
Junior,44,44,0.11,5,12,4,0
Pleno,28,48,0.33,5,23,2,1
Senior,27,50,0.24,6,4,5,0
Senior,20,56,0.38,8,10,2,1
Senior,24,57,0.18,6,11,2,1
Junior,38,40,0.33,5,3,5,0
Senior,37,51,0.39,6,13,1,1
Pleno,27,38,0.51,3,2,4,0
Junior,22,42,0.4,7,5,5,0
Junior,43,42,0.49,6,6,1,1
Junior,33,47,0.3,6,12,3,0
Pleno,31,53,0.49,4,24,1,1
Junior,25,43,0.24,10,10,3,1
Senior,34,45,0.37,5,7,1,1
Junior,21,41,0.17,4,31,5,0
Senior,34,51,0.15,2,6,5,0
Junior,31,47,0.48,6,27,2,1
Junior,29,41,0.18,3,2,1,0
Senior,20,50,0.31,5,0,4,0
Pleno,20,40,0.51,11,7,5,1
Senior,33,54,0.48,3,12,1,1
Junior,28,38,0.29,5,10,4,0
Pleno,20,49,0.6,2,3,4,0
Junior,33,40,0.32,7,21,5,0
Junior,38,46,0.46,5,28,2,1
Senior,33,52,0.21,9,11,3,1
Senior,30,43,0.25,2,31,3,0
Junior,32,44,0.19,8,2,3,0
Senior,32,40,0.15,5,3,4,0
Senior,22,41,0.52,7,7,5,0
Junior,31,39,0.43,5,2,2,0
Pleno,35,44,0.56,1,21,5,0
Pleno,27,43,0.1,6,0,4,0
Junior,37,47,0.43,5,2,5,0
Junior,25,41,0.19,4,9,4,0
Junior,26,48,0.38,6,6,4,0
Pleno,33,40,0.21,5,13,4,0
Pleno,29,46,0.22,6,16,4,0
Senior,21,44,0.13,5,6,2,0
Pleno,28,47,0.38,4,9,1,1
Junior,29,47,0.59,4,9,1,1
Junior,21,37,0.31,2,0,3,0
Pleno,29,49,0.28,2,7,5,0
Pleno,36,48,0.26,7,14,5,0
Pleno,40,49,0.29,3,8,3,0
Senior,26,52,0.51,7,28,2,1
Pleno,30,43,0.11,2,11,5,0
Junior,37,45,0.44,1,3,4,0
Senior,31,48,0.57,5,4,1,1
Senior,30,54,0.6,5,26,1,1
Pleno,23,45,0.6,6,8,2,1
Pleno,36,48,0.13,7,24,5,0
Junior,36,45,0.37,5,7,1,1
Pleno,36,43,0.36,3,0,2,0
Pleno,27,46,0.28,7,1,4,0
Junior,33,39,0.33,6,7,2,0
Junior,20,44,0.4,4,6,2,0
Junior,36,43,0.35,2,3,5,0
Senior,42,55,0.5,6,15,1,1
Junior,28,44,0.26,5,14,3,0
Junior,23,39,0.29,4,2,4,0
Junior,32,40,0.48,3,1,5,0
Pleno,32,49,0.54,4,23,5,0
Junior,29,45,0.5,4,16,2,0
Pleno,37,50,0.51,5,1,5,0
Junior,37,40,0.6,2,20,1,0
Pleno,34,51,0.26,8,36,1,1
Pleno,30,41,0.1,3,7,5,0
Pleno,30,48,0.34,3,29,4,0
Junior,34,42,0.5,3,2,1,0
Junior,38,40,0.3,7,34,1,1
Pleno,41,44,0.13,7,0,2,0
Junior,30,37,0.46,7,2,5,0
Pleno,25,51,0.58,5,15,3,1
Pleno,34,39,0.3,5,5,1,0
Senior,34,56,0.51,4,6,1,1
Junior,26,38,0.44,3,0,2,0
Junior,22,41,0.42,3,15,3,0
Junior,28,43,0.57,7,19,2,1
Senior,20,52,0.24,3,0,5,0
Pleno,20,44,0.53,6,1,5,0
Pleno,31,49,0.51,8,6,3,1
Pleno,29,45,0.18,3,8,4,0
Junior,47,41,0.15,8,4,4,0
Junior,29,41,0.26,5,1,2,0
Pleno,35,42,0.25,4,9,4,0
Junior,31,36,0.21,3,4,2,0
Pleno,39,44,0.44,5,0,2,0
Pleno,32,48,0.55,9,8,5,1
Pleno,38,45,0.24,9,27,5,0
Junior,38,41,0.46,6,5,3,0
Pleno,32,39,0.52,3,29,4,0
Pleno,28,52,0.4,5,11,1,1
Senior,37,43,0.56,5,16,1,1
Pleno,21,44,0.26,3,8,5,0
Pleno,23,43,0.23,5,9,1,0
Pleno,34,43,0.15,5,19,4,0
Pleno,32,42,0.19,6,3,3,0
Junior,33,47,0.27,2,3,3,0
Senior,27,47,0.23,3,0,5,0
Junior,29,41,0.34,1,3,2,0
Junior,42,43,0.4,5,6,5,0
Pleno,20,48,0.56,7,12,3,1
Junior,38,43,0.16,3,10,5,0
Pleno,32,46,0.16,4,2,3,0
Pleno,24,49,0.25,4,5,4,0
Pleno,42,50,0.11,10,14,4,1
Pleno,39,48,0.46,6,33,5,0
Senior,32,48,0.33,8,36,1,1
Senior,24,45,0.16,4,3,1,0
Pleno,26,55,0.44,3,8,1,1
Pleno,32,41,0.27,4,8,3,0
Junior,33,40,0.32,4,1,3,0
Junior,35,46,0.49,6,15,1,1
Junior,24,41,0.33,3,3,3,0
Junior,20,40,0.4,5,36,2,0
Junior,35,39,0.36,4,0,5,0
Pleno,36,45,0.17,5,6,2,0
Junior,30,39,0.2,5,3,2,0
Senior,32,48,0.49,8,7,2,1
Junior,26,42,0.2,4,20,3,0
Junior,26,45,0.31,6,17,5,0
Junior,36,44,0.3,4,36,3,0
Pleno,31,45,0.26,3,6,4,0
Senior,31,47,0.56,3,11,5,0
Senior,28,50,0.34,5,11,2,1
Junior,32,47,0.2,4,29,1,0
Junior,31,48,0.52,5,15,5,0
Junior,22,45,0.51,7,20,2,1
Pleno,21,38,0.13,4,2,2,0
Junior,30,38,0.32,4,10,3,0
Pleno,30,57,0.26,5,36,3,1
Pleno,33,39,0.48,5,19,4,0
Junior,39,42,0.38,5,17,5,0
Pleno,46,42,0.17,8,29,5,0
Junior,24,44,0.18,5,3,3,0
Senior,31,46,0.58,5,6,4,0
Pleno,35,42,0.27,3,21,5,0
Pleno,20,47,0.32,5,0,2,0
Pleno,20,44,0.12,5,7,1,0
Pleno,25,53,0.22,4,19,3,0
Pleno,20,47,0.14,6,7,5,0
Senior,26,46,0.27,5,18,4,0
Pleno,30,41,0.38,7,36,3,1
Senior,25,50,0.3,4,14,1,1
Senior,30,51,0.52,6,5,3,1
Senior,33,41,0.37,6,5,3,0
Junior,31,42,0.25,4,4,4,0
Junior,31,47,0.5,3,12,5,0
Senior,25,53,0.27,3,30,4,0
Junior,34,36,0.15,8,0,4,0
Junior,20,43,0.44,6,2,5,0
Pleno,32,53,0.38,5,36,2,1
Pleno,30,50,0.29,7,14,2,1
Junior,28,52,0.42,4,29,1,1
Pleno,26,40,0.31,4,9,4,0
Pleno,29,40,0.18,5,8,5,0
Junior,23,39,0.59,4,13,1,1
Junior,24,42,0.46,6,12,2,1
Pleno,27,44,0.53,4,12,1,1
Senior,20,50,0.13,7,5,1,1
Junior,22,40,0.3,7,14,5,0
Senior,32,41,0.44,8,1,4,0
Junior,32,45,0.54,4,11,3,0
Junior,26,45,0.51,6,4,1,1
Senior,26,60,0.25,7,16,3,1
Junior,20,42,0.49,3,9,3,0
Pleno,30,48,0.28,5,21,3,0
Senior,30,56,0.17,8,15,3,1
Junior,25,44,0.4,4,21,2,0
Junior,31,45,0.35,3,2,1,0
Junior,29,39,0.39,7,12,4,0
Junior,33,41,0.38,4,0,5,0
Pleno,32,53,0.18,6,6,5,0
Pleno,32,42,0.57,6,19,5,0
Pleno,34,38,0.23,5,4,1,0
Senior,34,48,0.12,4,3,4,0
Junior,36,45,0.28,6,8,3,0
Senior,25,46,0.44,5,6,5,0
Junior,33,38,0.37,5,4,5,0
Pleno,36,48,0.55,5,1,5,0
Senior,28,44,0.25,6,4,2,0
Pleno,29,41,0.21,6,10,4,0
Pleno,28,37,0.21,7,15,2,0
Junior,32,42,0.25,4,0,5,0
Pleno,32,43,0.12,2,2,3,0
Junior,25,41,0.15,1,1,1,0
Junior,29,45,0.12,2,1,3,0
Junior,20,54,0.51,8,14,3,1
Pleno,23,52,0.17,2,8,3,0
Pleno,29,46,0.56,6,29,1,1
Senior,31,44,0.58,3,1,3,0
Junior,27,44,0.39,6,28,3,0
Pleno,32,51,0.54,4,12,1,1
Pleno,26,43,0.58,5,3,4,0
Senior,24,50,0.28,2,29,4,0
Pleno,31,43,0.1,2,36,1,0
Senior,20,58,0.44,8,6,4,1
Junior,33,45,0.47,9,20,1,1
Pleno,30,46,0.42,2,10,5,0
Junior,20,43,0.39,6,36,5,0
Junior,20,56,0.48,8,19,3,1
Junior,24,43,0.52,4,1,5,0
Junior,28,53,0.53,5,4,5,0
Junior,22,46,0.42,3,6,1,0
Pleno,37,44,0.39,2,6,4,0
Junior,29,41,0.34,6,21,1,1
Junior,42,43,0.21,8,3,3,0
Junior,28,41,0.15,3,2,3,0
Pleno,28,44,0.26,4,3,1,0
Senior,28,42,0.16,2,5,3,0
Junior,26,55,0.32,7,13,3,1
Pleno,36,39,0.18,3,7,3,0
Junior,20,41,0.15,4,23,4,0
Pleno,30,42,0.38,3,3,4,0
Pleno,30,41,0.46,2,7,3,0
Pleno,32,44,0.44,7,13,1,1
Pleno,30,46,0.43,4,3,3,0
Pleno,40,47,0.19,7,6,4,0
Junior,26,42,0.15,9,15,1,1
Pleno,31,50,0.25,1,13,4,0
Pleno,34,42,0.34,4,1,2,0
Pleno,31,41,0.38,4,13,1,0
Senior,27,38,0.11,7,16,4,0
Pleno,38,44,0.15,4,18,5,0
Senior,29,51,0.57,8,16,2,1
Pleno,33,45,0.4,1,0,4,0
Pleno,20,39,0.27,7,23,2,1
Junior,38,42,0.46,2,8,2,0
Pleno,20,46,0.4,1,3,2,0
Pleno,28,35,0.3,5,9,4,0
Junior,28,38,0.11,6,6,5,0
Senior,27,54,0.36,4,9,1,1
Junior,24,44,0.2,3,3,2,0
Pleno,22,39,0.46,5,9,5,0
Senior,25,46,0.45,6,9,2,1
Junior,29,46,0.32,6,1,5,0
Senior,20,49,0.3,5,4,1,1
Pleno,24,52,0.39,6,11,1,1
Junior,33,41,0.53,6,5,3,0
Junior,23,44,0.24,0,11,2,0
Pleno,34,44,0.31,7,5,1,1
Pleno,25,56,0.22,11,20,1,1
Pleno,35,49,0.56,1,10,3,0
Pleno,24,51,0.31,6,8,2,1
Junior,28,39,0.19,2,6,2,0
Pleno,27,47,0.14,4,3,3,0
Junior,29,42,0.59,11,8,3,1
Pleno,20,46,0.59,4,12,1,1
Pleno,30,53,0.55,8,15,5,1
Pleno,34,50,0.38,3,4,2,0
Junior,25,55,0.58,3,5,1,1
Senior,30,46,0.52,5,21,1,1
Pleno,20,47,0.13,7,0,5,0
Pleno,36,47,0.13,1,13,2,0
Junior,28,50,0.31,6,11,2,1
Junior,23,39,0.58,6,15,4,0
Junior,33,46,0.44,7,36,3,1
Pleno,42,48,0.29,4,5,5,0
Junior,28,40,0.38,6,3,5,0
Pleno,34,49,0.47,5,32,3,1
Pleno,20,45,0.48,5,21,1,1
Pleno,24,49,0.48,5,35,2,1
Senior,23,46,0.57,3,15,1,1
Senior,44,52,0.51,6,3,5,0
Junior,26,39,0.38,6,14,3,0
Junior,22,49,0.29,5,0,2,0
Pleno,33,44,0.19,5,10,4,0
Junior,24,47,0.58,2,3,2,0
Junior,24,39,0.13,2,0,3,0
Pleno,31,42,0.2,4,2,1,0
Junior,31,47,0.27,2,36,1,0
Senior,21,51,0.1,7,21,5,0
Pleno,28,43,0.46,3,2,1,0
Junior,44,42,0.52,3,16,4,0
Pleno,40,41,0.34,3,1,1,0
Pleno,34,50,0.16,7,7,1,1
Senior,30,49,0.45,2,3,1,0
Pleno,28,43,0.16,3,3,2,0
Pleno,24,49,0.17,6,11,3,0
Senior,30,47,0.34,6,15,3,0
Senior,25,55,0.15,6,14,1,1
Pleno,29,40,0.11,4,9,5,0
Pleno,33,44,0.45,4,12,4,0
Junior,26,39,0.22,3,18,2,0
Senior,31,46,0.35,2,8,4,0
Pleno,41,44,0.29,6,8,4,0
Junior,32,43,0.45,6,4,3,0
Pleno,36,48,0.51,6,7,1,1
Junior,38,42,0.15,3,19,3,0
Junior,31,41,0.47,10,3,5,0
Senior,27,45,0.27,4,3,5,0
Pleno,38,57,0.35,10,31,4,1
Junior,33,43,0.51,1,3,5,0
Senior,28,46,0.51,2,1,2,0
Junior,24,45,0.44,3,3,4,0
Junior,25,40,0.16,9,4,3,0
Junior,34,43,0.29,3,4,1,0
Pleno,32,41,0.21,4,8,3,0
Pleno,27,53,0.56,6,30,1,1
Junior,30,49,0.35,6,11,1,1
Junior,29,42,0.55,7,12,3,1
Junior,35,44,0.25,5,10,4,0
Pleno,29,42,0.2,0,0,3,0
Pleno,25,39,0.15,4,4,1,0
Junior,20,43,0.26,9,13,5,0
Junior,20,49,0.19,7,10,2,1
Pleno,31,49,0.13,3,0,4,0
Junior,22,36,0.43,3,12,4,0
Senior,28,49,0.31,8,7,1,1
Senior,27,53,0.33,6,13,3,1
Pleno,32,52,0.35,4,24,3,0
Pleno,37,46,0.11,6,2,2,0
Junior,24,39,0.58,6,4,3,0
Pleno,31,48,0.29,4,6,3,0
Pleno,32,41,0.11,4,28,1,0
Junior,38,44,0.59,11,17,5,1
Junior,26,39,0.35,3,7,5,0
Pleno,43,56,0.34,3,13,3,0
Senior,23,50,0.21,10,9,4,1
Junior,33,39,0.18,1,16,5,0
Pleno,32,49,0.56,5,4,3,1
Junior,47,40,0.51,4,13,5,0
Junior,29,52,0.44,4,18,1,1
Senior,32,48,0.14,7,4,5,0
Pleno,23,50,0.55,3,7,3,0
Pleno,22,46,0.53,7,12,1,1
Pleno,23,46,0.31,5,4,4,0
Pleno,29,50,0.21,11,7,2,1
Junior,25,48,0.16,4,16,4,0
Junior,28,46,0.37,1,2,2,0
Pleno,26,47,0.4,3,4,3,0
Pleno,24,49,0.22,6,6,4,0
Senior,32,42,0.23,3,14,1,0
Junior,25,51,0.31,9,6,3,1
Senior,29,44,0.13,4,6,5,0
Senior,28,50,0.18,0,0,1,0
Junior,26,41,0.38,4,6,4,0
Junior,35,42,0.53,2,10,1,0
Junior,26,47,0.48,6,36,3,1
Pleno,30,47,0.48,4,6,3,0
Pleno,20,49,0.1,5,36,2,0
Junior,31,39,0.28,5,5,5,0
Junior,31,40,0.3,6,7,5,0
Senior,34,49,0.57,7,6,4,1
Junior,24,37,0.35,6,5,2,0
Senior,20,38,0.18,6,5,4,0
Junior,24,40,0.57,3,0,3,0
Senior,31,50,0.2,9,6,4,1
Pleno,34,42,0.1,2,4,5,0
Pleno,31,43,0.48,5,1,2,0
Junior,23,40,0.59,2,19,4,0
Pleno,28,45,0.12,2,0,1,0
Junior,39,48,0.44,4,22,4,0
Pleno,34,52,0.47,4,17,3,0
Pleno,29,52,0.15,4,0,4,0
Pleno,31,39,0.22,5,19,2,0
Junior,35,44,0.55,9,4,2,1
Pleno,30,58,0.11,6,4,1,1
Senior,35,53,0.43,8,6,1,1
Junior,20,44,0.18,3,14,2,0
Senior,30,47,0.35,2,3,3,0
Senior,37,50,0.59,5,2,5,0
Junior,28,40,0.24,4,8,4,0
Junior,27,40,0.29,4,7,2,0
Senior,32,53,0.11,6,14,1,1
Pleno,26,46,0.35,5,12,4,0
Junior,30,47,0.48,4,17,1,1
Pleno,35,48,0.52,9,17,5,1
Pleno,35,38,0.6,1,29,3,0
Pleno,27,41,0.19,2,13,5,0
Junior,31,41,0.4,4,0,3,0
Junior,34,49,0.54,6,6,2,1
Junior,28,46,0.21,5,4,5,0
Pleno,25,42,0.2,3,15,1,0
Pleno,37,45,0.11,5,2,3,0
Pleno,35,44,0.49,7,10,2,1
Senior,27,58,0.59,7,8,4,1
Junior,26,45,0.37,3,2,1,0
Junior,28,47,0.18,8,24,2,1
Junior,33,45,0.6,4,11,5,0
Pleno,23,41,0.29,7,4,1,1
Junior,39,49,0.47,6,16,1,1
Junior,23,46,0.34,3,12,1,0
Junior,25,38,0.2,5,18,3,0
Junior,33,44,0.4,6,6,5,0
Pleno,30,40,0.3,4,0,3,0
Junior,27,44,0.37,2,9,4,0
Junior,30,41,0.27,5,10,5,0
Senior,29,47,0.14,9,18,2,1
Pleno,30,55,0.29,4,1,2,0
Junior,29,41,0.45,3,2,4,0
Junior,27,40,0.25,8,2,5,0
Pleno,26,42,0.39,4,0,2,0
Pleno,26,50,0.53,6,11,2,1
Junior,28,47,0.23,3,22,1,0
Pleno,30,45,0.15,5,9,1,0
Senior,26,39,0.26,7,0,5,0
Senior,26,39,0.31,2,2,5,0
Pleno,25,52,0.44,5,2,4,0
Pleno,20,50,0.23,6,8,1,1
Pleno,29,43,0.1,3,3,3,0
Pleno,39,48,0.28,6,0,5,0
Junior,40,51,0.44,6,9,2,1
Senior,30,50,0.53,0,7,4,0
Pleno,20,47,0.47,7,11,3,1
Junior,33,41,0.36,6,34,1,1
Pleno,27,47,0.55,6,12,5,0
Pleno,32,44,0.49,4,1,3,0
Junior,31,40,0.37,4,19,4,0
Senior,34,41,0.48,6,10,1,1
Pleno,27,50,0.54,5,20,1,1
Pleno,23,36,0.21,2,9,5,0
Pleno,20,40,0.29,6,15,1,1
Junior,27,42,0.27,6,3,1,1
Pleno,35,46,0.31,9,8,3,1
Senior,39,52,0.48,3,13,1,1
Pleno,41,41,0.14,4,8,4,0
Pleno,35,40,0.18,3,6,5,0
Pleno,33,45,0.22,6,16,2,0
Pleno,36,42,0.41,4,0,5,0
Pleno,33,39,0.54,5,8,3,0
Junior,31,43,0.12,5,28,5,0
Junior,28,45,0.15,11,21,4,1
Junior,31,40,0.19,2,4,4,0
Senior,24,59,0.49,4,4,2,1
Junior,28,47,0.41,6,16,5,0
Pleno,36,45,0.48,8,13,1,1
Junior,26,48,0.27,1,11,5,0
Senior,25,46,0.2,6,6,4,0
Junior,38,43,0.2,5,16,3,0
Senior,23,55,0.27,8,9,2,1
Junior,29,41,0.34,3,6,3,0
Junior,27,44,0.31,4,16,2,0
Pleno,34,40,0.2,4,1,1,0
Pleno,33,47,0.12,10,29,3,1
Junior,24,43,0.15,5,4,4,0
Junior,42,51,0.32,5,36,1,1
Pleno,28,53,0.23,6,3,5,0
Senior,33,50,0.38,6,4,4,0
Pleno,27,41,0.44,0,1,5,0
Pleno,36,46,0.57,5,9,1,1
Junior,31,50,0.53,9,14,1,1
Senior,39,53,0.37,5,9,1,1
Senior,31,43,0.38,7,6,5,0
Junior,27,46,0.41,3,36,1,1
Pleno,32,44,0.14,3,4,3,0
Senior,24,50,0.33,1,19,5,0
Junior,31,48,0.37,8,13,3,1
Junior,26,41,0.22,6,7,4,0
Pleno,37,44,0.38,4,18,3,0
Pleno,31,51,0.54,2,10,1,1
Pleno,32,44,0.2,3,5,1,0
Junior,30,50,0.16,4,5,2,0
Pleno,23,40,0.56,4,0,5,0
Pleno,24,39,0.39,2,15,4,0
Senior,27,43,0.37,4,23,5,0
Pleno,26,45,0.11,7,11,5,0
Junior,27,43,0.38,5,1,2,0
Pleno,23,46,0.16,1,0,2,0
Pleno,39,43,0.14,8,12,3,0
Junior,32,44,0.59,4,2,4,0
Junior,30,50,0.54,3,4,1,1
Junior,25,41,0.37,8,15,3,1
Pleno,30,40,0.2,5,5,4,0
Junior,25,41,0.44,6,5,5,0
Junior,40,48,0.28,2,7,4,0
Senior,21,55,0.57,5,36,4,1
Junior,22,40,0.15,3,5,4,0
Junior,29,39,0.13,4,2,3,0
Senior,33,48,0.34,4,9,4,0
Pleno,26,39,0.19,4,10,1,0
Pleno,31,48,0.52,5,10,2,1
Junior,28,46,0.44,4,0,5,0
Junior,38,45,0.22,4,0,3,0
Senior,34,51,0.13,6,24,3,0
Senior,39,44,0.24,4,26,2,0
Junior,36,49,0.1,7,16,4,0
Pleno,31,48,0.19,3,21,3,0
Junior,22,39,0.59,2,3,3,0
Junior,27,42,0.47,4,29,3,0
Senior,33,52,0.41,4,3,5,0
Senior,20,52,0.47,4,10,3,0
Pleno,34,53,0.13,5,6,5,0
Junior,29,46,0.18,6,0,3,0
Junior,31,41,0.24,5,0,2,0
Pleno,24,41,0.34,6,36,4,0
Pleno,32,40,0.23,6,11,2,0
Pleno,34,43,0.22,7,1,2,0
Senior,32,43,0.2,4,6,5,0
Senior,36,48,0.45,4,24,1,1
Pleno,37,50,0.15,9,15,2,1
Senior,24,42,0.1,4,10,1,0
Pleno,31,51,0.23,6,0,3,0
Senior,23,50,0.6,1,1,4,0
Junior,30,44,0.48,2,5,1,0
Pleno,30,41,0.52,8,4,5,0
Pleno,22,44,0.24,7,16,2,1
Pleno,21,50,0.57,5,11,5,0
Pleno,27,48,0.6,3,0,2,0
Junior,28,38,0.45,5,1,3,0
Junior,25,42,0.36,8,20,1,1
Junior,34,37,0.41,5,3,2,0
Senior,35,54,0.44,7,7,5,0
Pleno,26,38,0.15,10,2,4,0
Pleno,25,58,0.33,4,5,2,1
Senior,27,57,0.18,8,3,1,1
Pleno,26,48,0.16,11,6,3,1
Junior,32,47,0.59,7,5,4,1
Pleno,25,47,0.48,5,10,4,0
Junior,28,42,0.29,11,14,3,1
Pleno,27,44,0.41,5,5,2,0
Junior,25,38,0.41,5,4,4,0
Junior,21,42,0.3,4,1,1,0
Pleno,28,57,0.28,6,13,2,1
Senior,35,37,0.26,8,14,2,1
Junior,27,42,0.28,4,1,4,0
Senior,25,46,0.38,1,14,2,0
Senior,29,51,0.14,4,19,3,0
Junior,29,39,0.36,3,0,1,0
Pleno,31,48,0.25,3,9,3,0
Junior,29,44,0.27,6,24,4,0
Pleno,40,44,0.14,8,27,1,1
Junior,26,37,0.25,4,3,4,0
Junior,26,45,0.3,3,2,3,0
Pleno,37,43,0.22,2,13,4,0
Junior,34,43,0.36,5,2,5,0
Senior,23,46,0.38,2,11,5,0
Senior,30,45,0.13,6,17,3,0
Junior,26,37,0.41,2,0,4,0
Pleno,27,49,0.21,4,2,1,0
Pleno,23,44,0.24,5,3,1,0
Pleno,33,44,0.57,3,15,4,0
Senior,33,42,0.2,3,14,1,0
Pleno,25,42,0.53,4,3,4,0
Pleno,35,42,0.34,3,2,3,0
Senior,22,41,0.11,1,5,3,0
Junior,30,46,0.31,6,21,2,1
Pleno,29,39,0.11,6,3,2,0
Senior,24,35,0.25,3,8,3,0
Senior,22,49,0.35,7,7,1,1
Pleno,30,53,0.37,4,36,5,0
Junior,35,41,0.35,4,5,2,0
Junior,26,42,0.25,2,8,2,0
Pleno,38,49,0.16,8,18,5,0
Junior,27,49,0.27,5,7,1,1
Pleno,28,45,0.12,3,12,5,0
Pleno,31,39,0.11,6,0,2,0
Junior,36,44,0.3,4,15,2,0
Junior,33,41,0.51,4,14,2,0
Senior,32,52,0.5,10,32,4,1
Pleno,25,52,0.36,4,9,1,1
Senior,20,41,0.2,4,11,2,0
Senior,47,46,0.41,7,1,4,0
Junior,30,38,0.28,2,8,1,0
Junior,35,41,0.3,3,7,2,0
Pleno,34,52,0.35,4,5,5,0
Pleno,40,51,0.41,9,15,1,1
Pleno,20,48,0.54,1,9,1,0
Pleno,40,48,0.57,8,16,1,1
Senior,30,62,0.14,6,10,3,1
Pleno,27,52,0.31,8,23,2,1
Pleno,34,47,0.6,7,23,4,1
Senior,29,47,0.6,3,10,1,1
Pleno,29,35,0.31,1,5,1,0
Junior,33,45,0.52,1,8,5,0
Junior,21,48,0.22,4,0,3,0
Junior,32,48,0.51,4,16,1,1
Junior,28,37,0.6,6,0,5,0
Junior,20,45,0.24,7,0,3,0
Junior,34,41,0.14,6,1,5,0
Senior,27,48,0.48,4,12,4,0
Junior,30,42,0.41,9,10,3,1
Junior,38,47,0.35,7,19,2,1
Pleno,25,45,0.37,3,2,4,0
Junior,28,41,0.16,6,4,3,0
Senior,24,50,0.22,7,5,2,1
Junior,43,42,0.34,7,9,4,0
Senior,34,50,0.19,5,20,4,0
Pleno,38,39,0.3,5,1,3,0
Pleno,30,49,0.32,5,22,1,1
Senior,29,43,0.22,3,19,4,0
Junior,27,43,0.46,4,17,5,0
Senior,28,47,0.15,2,11,5,0
Pleno,22,44,0.5,3,11,1,0
Pleno,31,47,0.35,4,4,4,0
Senior,30,46,0.16,5,8,2,0
Pleno,36,55,0.42,10,17,4,1
Junior,30,42,0.18,9,17,3,1
Junior,38,45,0.46,9,5,4,1
Pleno,20,42,0.55,4,12,1,1
Senior,25,45,0.42,6,3,1,1
Junior,38,42,0.26,6,2,5,0
Senior,29,44,0.21,2,8,4,0
Pleno,32,48,0.55,6,2,4,0
Junior,33,37,0.34,2,19,5,0
Junior,27,48,0.25,7,2,5,0
Pleno,33,44,0.4,8,31,3,1
Senior,34,44,0.56,1,3,4,0
Pleno,32,46,0.47,5,7,1,1
Pleno,29,38,0.59,3,24,4,0
Pleno,20,43,0.23,4,13,3,0
Pleno,28,44,0.11,5,3,5,0
Pleno,28,46,0.12,1,1,3,0
Pleno,42,45,0.4,3,8,1,0
Junior,21,49,0.46,11,10,1,1
Pleno,31,42,0.32,4,7,5,0
Pleno,29,45,0.57,5,23,1,1
Pleno,40,45,0.36,5,25,1,1
Pleno,37,38,0.25,5,0,5,0
Pleno,32,49,0.37,3,13,1,1
Pleno,33,45,0.34,5,2,4,0
Pleno,32,49,0.54,5,9,4,0
Junior,34,37,0.47,3,11,5,0
Pleno,25,49,0.36,4,11,5,0
Senior,33,46,0.57,7,16,1,1
Pleno,23,53,0.53,8,9,5,1
Junior,42,38,0.16,6,36,5,0
Senior,35,56,0.3,9,16,4,1
Pleno,28,49,0.49,8,10,2,1
Senior,36,56,0.21,2,9,2,0
Junior,31,38,0.46,3,33,3,0
Pleno,26,47,0.57,5,20,2,1
Pleno,36,52,0.44,8,16,1,1
Junior,36,43,0.42,8,35,2,1
Pleno,30,52,0.27,5,36,4,0
Junior,22,52,0.5,5,3,5,0
Junior,30,39,0.54,3,8,5,0
Junior,32,47,0.31,9,21,4,1
Pleno,34,44,0.28,4,3,3,0
Junior,24,42,0.45,6,5,1,1
Senior,40,45,0.43,5,36,4,0
Pleno,33,42,0.13,8,18,5,0
Pleno,28,48,0.43,7,7,3,1
Pleno,25,52,0.44,6,36,1,1
Junior,28,36,0.28,11,21,2,1
Senior,32,48,0.46,6,9,3,1
Senior,29,55,0.58,4,3,5,0
Pleno,29,47,0.28,2,2,3,0
Junior,28,39,0.31,2,12,1,0
Junior,20,43,0.59,5,11,3,0
Junior,47,39,0.28,5,3,2,0
Senior,37,53,0.34,8,8,4,1
Pleno,21,40,0.29,4,28,4,0
Junior,28,53,0.42,5,14,2,1
Pleno,31,55,0.45,8,15,4,1
Senior,34,56,0.21,5,14,2,1
Junior,29,40,0.42,4,2,2,0
Junior,22,40,0.22,4,1,1,0
Pleno,30,37,0.18,5,5,2,0
Junior,26,47,0.5,3,10,3,0
Pleno,31,48,0.14,2,10,3,0
Pleno,36,45,0.21,4,3,1,0
Junior,26,42,0.51,5,30,4,0
Junior,27,42,0.43,3,13,4,0
Pleno,33,51,0.59,2,1,5,0
Pleno,24,39,0.29,6,23,5,0
Senior,29,41,0.16,4,3,1,0
Junior,20,45,0.39,10,22,4,1
Junior,36,39,0.45,3,10,2,0
Junior,31,38,0.33,5,0,4,0
Junior,30,48,0.16,9,15,2,1
Pleno,30,54,0.5,8,14,5,1
Junior,27,51,0.58,13,7,5,1
Pleno,27,54,0.23,11,13,4,1
Pleno,26,43,0.55,5,12,1,1
Junior,22,46,0.57,5,36,1,1
Pleno,29,44,0.26,6,5,2,0
Senior,21,48,0.51,5,20,1,1
Senior,33,51,0.47,3,3,3,0
Senior,26,46,0.37,6,0,5,0
Junior,28,45,0.41,2,14,1,0
Junior,37,39,0.15,5,9,4,0
Junior,22,40,0.32,3,28,3,0
Pleno,31,46,0.41,2,3,5,0
Senior,25,38,0.53,2,6,3,0
Junior,22,44,0.58,4,5,3,0
Junior,38,42,0.22,6,15,2,0
Junior,27,42,0.58,8,36,2,1
Pleno,28,45,0.29,5,15,1,1
Pleno,37,45,0.32,7,6,2,1
Senior,32,47,0.48,10,19,5,1
Pleno,32,41,0.46,8,8,4,0
Senior,32,50,0.41,2,19,5,0
Pleno,24,48,0.3,4,3,3,0
Senior,32,47,0.55,5,5,5,0
Pleno,23,50,0.56,8,18,5,1
Pleno,26,43,0.27,7,20,2,1
Senior,26,43,0.29,7,0,3,0
Senior,34,48,0.55,8,8,3,1
Junior,26,44,0.22,5,5,2,0
Pleno,28,46,0.43,9,6,4,1
Junior,40,42,0.5,5,5,2,0
Pleno,34,48,0.41,4,22,3,0
Junior,35,42,0.12,2,3,3,0
Senior,25,47,0.46,2,1,2,0
Pleno,28,45,0.43,9,9,2,1
Junior,30,43,0.53,5,6,1,1
Pleno,29,39,0.59,9,7,1,1
Pleno,28,39,0.48,5,0,5,0
Pleno,25,48,0.33,5,5,1,1
Pleno,33,47,0.25,8,18,1,1
Junior,31,51,0.37,6,22,5,0
Junior,38,46,0.36,5,30,1,1
Junior,38,43,0.49,5,0,5,0
Senior,32,56,0.51,5,27,4,1
Pleno,38,43,0.52,4,18,1,1
Junior,26,44,0.48,4,4,4,0
Senior,28,47,0.54,6,21,5,0
Senior,27,44,0.5,3,4,2,0
Pleno,34,50,0.19,5,0,3,0
Junior,26,40,0.39,5,5,3,0
Junior,27,40,0.53,4,4,5,0
Junior,30,47,0.45,5,7,1,1
Junior,33,40,0.44,7,6,3,0
Junior,32,47,0.18,4,8,1,0
Senior,34,51,0.29,6,22,2,1
Junior,36,41,0.48,5,16,5,0
Pleno,31,42,0.34,3,5,3,0
Pleno,24,37,0.47,8,2,4,0
Junior,32,41,0.13,4,7,4,0
Junior,34,52,0.56,6,13,3,1
Pleno,21,48,0.12,4,9,3,0
Junior,26,49,0.31,9,15,2,1
Junior,28,36,0.59,6,0,3,0
Junior,30,40,0.33,3,6,4,0
Junior,32,35,0.56,6,17,4,0
Junior,34,42,0.46,10,26,5,1
Junior,27,41,0.19,6,0,2,0
Pleno,35,45,0.49,1,4,3,0
Junior,40,41,0.52,4,3,4,0
Junior,20,41,0.56,3,14,2,0
Senior,34,54,0.38,2,10,5,0
Senior,29,44,0.49,3,3,1,0
Junior,39,43,0.19,4,4,1,0
Pleno,20,50,0.46,9,15,3,1
Junior,25,42,0.34,2,8,2,0
Junior,26,40,0.41,7,14,4,0
Pleno,34,49,0.4,4,5,4,0
Senior,26,53,0.29,4,14,3,0
Pleno,40,44,0.52,7,13,3,1
Pleno,39,51,0.54,5,17,1,1
Senior,35,52,0.55,3,10,1,1
Senior,20,39,0.17,6,19,3,0
Junior,24,44,0.41,4,3,2,0
Pleno,40,38,0.28,3,8,1,0
Senior,28,47,0.24,4,11,5,0
Junior,30,44,0.28,2,1,4,0
Junior,20,41,0.46,3,1,1,0
Pleno,24,48,0.5,6,14,2,1
Junior,24,36,0.2,9,12,1,1
Junior,27,44,0.43,3,4,5,0
Pleno,27,41,0.25,3,7,4,0
Senior,36,52,0.44,8,7,4,1
Junior,20,41,0.42,3,26,5,0
Junior,32,45,0.35,3,6,4,0
Pleno,25,44,0.35,8,12,2,1
Pleno,34,47,0.4,3,3,2,0
Junior,35,44,0.53,4,11,1,1
Pleno,30,55,0.4,4,6,3,0
Pleno,32,44,0.29,3,17,3,0
Junior,40,46,0.31,2,4,4,0
Pleno,28,54,0.58,7,18,3,1
Senior,31,52,0.16,6,25,4,0
Junior,30,42,0.35,6,11,4,0
Pleno,41,40,0.3,5,12,2,0
Junior,34,41,0.1,5,4,2,0
Junior,22,44,0.47,3,9,3,0
Senior,22,40,0.55,4,7,5,0
Pleno,27,40,0.35,3,5,1,0
Junior,29,42,0.24,3,9,3,0
Pleno,36,48,0.34,0,0,1,0
Junior,33,45,0.23,3,1,1,0
Junior,35,45,0.3,7,6,1,1
Pleno,28,39,0.42,7,11,5,0
Pleno,29,50,0.45,9,14,5,1
Senior,33,53,0.51,4,7,2,1
Junior,36,40,0.23,5,3,5,0
Junior,39,51,0.48,7,6,2,1
Pleno,27,49,0.5,8,23,1,1
Junior,24,39,0.16,7,17,4,0
Pleno,20,50,0.19,8,6,5,0
Senior,42,55,0.54,3,18,1,1
Junior,34,39,0.26,7,0,4,0
Pleno,34,39,0.31,5,2,2,0
Senior,38,48,0.15,7,18,2,1
Pleno,20,40,0.35,3,23,1,0
Pleno,20,45,0.23,2,5,2,0
Senior,23,48,0.19,4,7,3,0
Pleno,21,48,0.45,8,6,4,1
Junior,36,41,0.25,11,2,5,0
Pleno,29,41,0.31,6,0,4,0
Pleno,30,48,0.12,3,2,1,0
Senior,29,55,0.41,6,16,2,1
Senior,29,45,0.12,2,2,5,0
Senior,29,58,0.6,8,36,3,1
Pleno,33,50,0.29,14,6,3,1
Pleno,26,48,0.54,7,36,4,1
Junior,37,43,0.23,3,2,2,0
Pleno,34,41,0.49,2,13,3,0
Pleno,36,46,0.45,6,3,5,0
Pleno,30,38,0.23,3,4,1,0
Pleno,33,46,0.18,4,8,2,0
Pleno,34,47,0.24,5,8,5,0
Pleno,20,48,0.35,4,1,3,0
Junior,23,52,0.58,5,12,2,1
Pleno,31,42,0.32,5,17,4,0
Senior,36,46,0.19,4,5,2,0
Pleno,26,43,0.15,5,3,2,0
Pleno,22,45,0.43,3,0,3,0
Pleno,36,46,0.28,8,3,4,0
Pleno,28,51,0.11,3,12,5,0
Pleno,28,49,0.57,4,7,1,1
Pleno,34,43,0.6,2,1,4,0
Pleno,38,50,0.35,5,20,2,1
Senior,38,55,0.12,4,5,4,0
Junior,24,38,0.46,4,3,3,0
Junior,42,38,0.33,6,2,5,0
Pleno,35,49,0.51,6,20,3,1
Pleno,30,58,0.15,8,9,1,1
Junior,34,54,0.57,10,15,5,1
Junior,20,42,0.58,7,6,2,1
Junior,30,47,0.4,7,36,2,1
Junior,26,46,0.28,7,1,5,0
Junior,42,40,0.15,8,1,2,0
Senior,26,54,0.52,7,7,1,1
Senior,31,54,0.2,10,14,2,1
Pleno,29,41,0.24,7,0,2,0
Junior,24,41,0.55,3,5,1,0
Pleno,30,43,0.45,6,19,2,1
Junior,38,42,0.42,4,13,2,0
Senior,33,48,0.56,5,29,4,0
Pleno,21,46,0.3,4,12,5,0
Pleno,29,52,0.14,6,8,5,0
Junior,22,42,0.2,3,5,4,0
Pleno,25,42,0.36,4,4,5,0
Pleno,30,39,0.12,5,4,2,0
Pleno,31,52,0.54,5,9,3,1
Pleno,37,47,0.52,2,3,3,0
Senior,28,53,0.58,9,8,4,1
Senior,44,52,0.51,3,28,3,0
Pleno,32,47,0.27,7,13,4,0
Junior,35,40,0.35,3,1,5,0
Junior,29,42,0.55,4,29,1,1
Pleno,28,47,0.22,7,5,1,1
Senior,33,45,0.51,8,10,3,1
Pleno,34,40,0.11,3,29,3,0
Pleno,31,52,0.43,3,11,2,0
Junior,28,45,0.38,3,6,4,0
Junior,24,43,0.5,7,7,2,1
Junior,20,44,0.48,6,22,1,1
Senior,20,54,0.55,6,33,4,1
Junior,20,46,0.34,2,1,5,0
Pleno,27,41,0.42,5,36,5,0
Senior,33,46,0.24,3,5,4,0
Pleno,33,49,0.21,3,0,1,0
Junior,28,42,0.41,5,12,1,1
Pleno,45,49,0.51,7,10,1,1
Pleno,28,50,0.51,7,7,2,1
Pleno,29,48,0.36,4,13,4,0
Junior,23,43,0.22,4,6,5,0
Pleno,35,46,0.45,9,6,5,0
Senior,34,46,0.37,5,6,5,0
Pleno,21,45,0.16,6,14,1,1
Senior,38,45,0.59,7,21,1,1
Junior,25,51,0.29,2,35,5,0
Pleno,20,50,0.32,7,9,2,1
Junior,27,37,0.13,2,9,5,0
Junior,25,44,0.32,7,31,2,1
Pleno,31,47,0.32,6,3,5,0
Junior,28,37,0.26,10,11,3,1
Pleno,37,49,0.5,4,12,3,0
Junior,30,41,0.49,4,8,5,0
Pleno,29,41,0.49,2,5,5,0
Junior,37,47,0.31,1,6,2,0
Senior,37,48,0.13,5,36,5,0
Pleno,29,52,0.18,6,10,1,1
Junior,32,41,0.2,5,6,2,0
Pleno,22,48,0.26,5,15,1,1
Senior,32,46,0.26,3,0,5,0
Pleno,28,50,0.54,5,8,1,1
Pleno,26,46,0.33,4,2,3,0
Senior,29,44,0.3,5,19,4,0
Senior,25,50,0.51,11,8,4,1
Pleno,36,37,0.5,3,19,4,0
Junior,35,43,0.45,8,9,3,1
Senior,22,58,0.47,4,17,2,1
Pleno,28,40,0.48,2,18,3,0
Senior,37,45,0.34,6,2,3,0
Junior,31,39,0.29,8,31,4,0
Junior,31,46,0.12,1,2,3,0
Junior,26,37,0.57,9,4,2,1
Senior,32,42,0.28,5,0,4,0
Junior,32,40,0.45,2,18,4,0
Senior,30,54,0.35,5,19,2,1
Junior,25,49,0.59,9,14,1,1
Pleno,24,44,0.44,2,36,1,0
Junior,29,41,0.11,5,1,1,0
Junior,30,41,0.13,3,3,5,0
Pleno,20,48,0.14,4,7,3,0
Senior,40,54,0.14,5,1,5,0
Pleno,30,41,0.17,8,10,3,0
Pleno,23,50,0.23,4,13,1,1
Junior,36,43,0.31,7,14,5,0
Junior,33,38,0.19,10,10,1,1
Junior,33,45,0.19,6,2,2,0
Junior,37,39,0.35,6,11,2,0
Senior,34,50,0.53,6,6,3,1
Senior,29,46,0.48,8,10,2,1
Junior,30,41,0.35,7,3,5,0
Senior,20,41,0.56,6,12,1,1
Pleno,39,56,0.59,5,16,3,1
Pleno,27,40,0.53,8,9,1,1
Junior,37,47,0.43,3,1,5,0
Pleno,36,56,0.26,5,14,1,1
Junior,26,42,0.19,6,10,5,0
Junior,31,49,0.33,2,4,1,0
Junior,20,44,0.21,5,4,1,0
Senior,31,45,0.51,5,5,4,0
Junior,27,47,0.43,3,2,3,0
Junior,28,43,0.51,6,5,3,0
Pleno,24,47,0.44,0,8,5,0
Pleno,32,51,0.14,10,6,2,1
Pleno,29,45,0.59,0,16,2,0
Pleno,30,46,0.6,6,15,3,1
Senior,30,47,0.25,4,14,5,0
Senior,22,46,0.37,9,4,5,0
Pleno,29,48,0.35,4,6,4,0
Junior,20,43,0.49,7,16,1,1
Senior,36,39,0.29,1,33,1,0
Junior,22,43,0.36,6,3,5,0
Junior,27,45,0.41,5,14,4,0
Senior,30,41,0.56,7,18,4,0
Pleno,36,47,0.45,5,15,2,1
Pleno,24,47,0.54,4,13,1,1
Junior,28,39,0.55,4,10,1,0
Senior,37,47,0.33,3,2,2,0
Junior,23,39,0.53,2,35,5,0
Senior,26,55,0.14,3,2,5,0
Pleno,33,47,0.46,7,22,3,1
Pleno,32,51,0.24,9,8,3,1
Junior,30,40,0.15,5,18,2,0
Junior,33,38,0.39,3,11,3,0
Senior,31,58,0.58,7,9,3,1
Junior,39,39,0.21,7,13,3,0
Pleno,29,48,0.51,4,10,1,1
Junior,31,46,0.33,4,10,4,0
Junior,34,44,0.18,4,18,1,0
Pleno,27,45,0.54,4,16,1,1
Pleno,31,50,0.56,2,9,4,0
Pleno,28,44,0.25,5,0,3,0
Junior,26,40,0.27,4,1,2,0
Junior,35,40,0.59,4,24,5,0
Senior,22,48,0.19,8,8,4,0
Junior,20,38,0.56,4,10,2,0
Junior,30,44,0.13,3,1,2,0
Pleno,29,45,0.38,2,3,4,0
Junior,23,46,0.15,9,10,5,0
Junior,26,47,0.21,9,15,3,1
Pleno,34,40,0.33,5,0,1,0
Pleno,31,51,0.38,8,16,3,1
Pleno,27,40,0.33,4,0,4,0
Pleno,35,40,0.12,7,1,3,0
Pleno,35,43,0.1,4,1,3,0
Senior,31,50,0.3,6,2,4,0
Pleno,28,45,0.39,5,26,1,1
Junior,29,47,0.42,4,18,4,0
Senior,43,55,0.41,4,5,4,0
Pleno,30,47,0.52,7,16,1,1
Pleno,24,43,0.28,3,36,5,0
Senior,24,45,0.58,6,17,3,1
Pleno,27,42,0.45,3,8,3,0
Pleno,30,44,0.54,2,5,5,0
Senior,26,38,0.21,4,14,4,0
Junior,36,50,0.17,4,2,1,0
Pleno,36,52,0.13,5,1,3,0
Senior,20,57,0.26,3,19,1,1
Pleno,31,47,0.55,4,5,1,1
Junior,29,44,0.24,2,6,3,0
Senior,37,61,0.53,6,6,4,1
Pleno,26,44,0.45,6,0,4,0
Pleno,29,53,0.37,5,11,1,1
Junior,24,38,0.23,2,11,2,0
Pleno,32,48,0.34,5,18,1,1
Senior,37,46,0.24,4,2,5,0
Junior,30,41,0.5,4,22,4,0
Pleno,32,51,0.31,4,1,4,0
Pleno,26,53,0.34,4,10,1,1
Senior,30,40,0.23,5,5,3,0
Pleno,25,51,0.45,5,11,4,0
Pleno,29,46,0.5,10,18,3,1
Pleno,24,44,0.3,5,35,5,0
Senior,26,48,0.17,6,10,3,0
Pleno,35,46,0.37,5,10,3,0
Pleno,27,55,0.23,3,12,3,0
Pleno,22,46,0.57,3,1,4,0
Pleno,36,52,0.16,8,1,4,0
Junior,25,44,0.54,9,8,2,1
Senior,31,50,0.11,5,3,3,0
Pleno,27,51,0.14,4,2,1,0
Junior,25,40,0.36,3,23,1,0
Pleno,41,49,0.49,6,4,4,0
Pleno,33,39,0.55,3,12,5,0
Junior,24,45,0.24,4,7,3,0
Pleno,25,43,0.17,4,1,5,0
Pleno,20,45,0.21,8,5,2,1
Senior,31,41,0.4,5,16,5,0
Senior,27,43,0.43,6,8,4,0
Senior,34,45,0.34,7,0,5,0
Junior,25,40,0.55,5,6,3,0
Senior,27,48,0.11,6,4,3,0
Junior,31,42,0.22,8,14,1,1
Junior,26,47,0.41,6,9,2,1
Pleno,37,42,0.17,7,22,3,0
Junior,32,40,0.47,4,8,3,0
Junior,36,43,0.47,2,6,2,0
Senior,30,55,0.53,6,11,1,1
Senior,31,49,0.49,4,2,3,0
Junior,37,44,0.27,4,6,2,0
Pleno,25,42,0.16,6,8,4,0
Junior,25,41,0.56,4,1,5,0
Pleno,37,48,0.14,3,5,1,0
Pleno,34,46,0.34,6,11,1,1
Junior,20,43,0.43,2,0,2,0
Senior,39,48,0.28,1,1,2,0
Pleno,24,42,0.31,5,16,1,1
Senior,20,44,0.4,4,30,3,0
Junior,34,41,0.31,4,6,4,0
Pleno,36,42,0.3,2,14,2,0
Pleno,24,51,0.58,5,5,5,0
Pleno,21,45,0.54,4,1,4,0
Junior,28,45,0.5,1,15,4,0
Junior,31,43,0.22,9,36,2,1
Junior,39,52,0.47,5,36,3,1
Pleno,36,41,0.19,7,10,5,0
Junior,25,40,0.11,6,2,5,0
Pleno,28,40,0.42,4,9,5,0
Senior,32,46,0.33,4,0,2,0
Junior,32,44,0.3,9,21,1,1
Junior,20,44,0.53,2,7,3,0
Junior,35,45,0.2,6,8,2,0
Junior,26,39,0.28,4,8,3,0
Pleno,32,48,0.48,4,10,1,1
Junior,29,46,0.24,4,7,2,0
Senior,29,54,0.25,9,9,2,1
Pleno,38,42,0.44,3,15,3,0
Senior,27,47,0.2,2,9,1,0
Senior,36,48,0.23,6,22,1,1
Pleno,27,49,0.27,2,0,2,0
Senior,31,59,0.59,6,8,3,1
Junior,35,42,0.33,9,12,2,1
Junior,36,44,0.4,3,7,4,0
Pleno,20,44,0.34,9,18,4,1
Senior,30,49,0.57,9,19,5,1
Senior,25,49,0.11,9,9,2,1
Junior,20,58,0.55,4,8,2,1
Junior,24,41,0.3,6,4,2,0
Pleno,31,41,0.43,6,36,4,0
Senior,31,49,0.15,5,34,5,0
Junior,20,40,0.41,5,1,3,0
Junior,28,39,0.41,3,2,1,0
Junior,30,39,0.46,4,8,3,0
Pleno,30,40,0.2,4,7,3,0
Pleno,39,54,0.17,9,7,3,1
Senior,31,53,0.36,5,1,5,0
Junior,33,41,0.13,5,5,2,0
Junior,31,43,0.59,8,17,2,1
Junior,33,43,0.2,6,6,4,0
Junior,38,47,0.45,7,4,5,0
Junior,31,57,0.41,4,36,2,1
Senior,31,43,0.31,2,10,1,0
Senior,30,55,0.24,4,5,1,1
Senior,30,48,0.37,8,9,1,1
Senior,30,46,0.12,6,6,4,0
Junior,29,39,0.22,1,2,1,0
Pleno,38,50,0.11,3,6,2,0
Pleno,29,56,0.49,4,12,2,1
Senior,28,54,0.16,4,3,3,0
Junior,24,43,0.22,6,1,2,0
Junior,38,38,0.45,4,14,3,0
Senior,30,52,0.6,5,4,5,0
Pleno,34,52,0.46,8,28,5,1
Pleno,32,43,0.51,5,1,2,0
Senior,27,55,0.11,3,13,1,0
Junior,35,46,0.49,4,19,1,1
Pleno,34,44,0.31,5,16,4,0
Junior,30,43,0.34,3,36,3,0
Junior,22,42,0.28,7,28,4,0
Pleno,32,45,0.22,2,1,2,0
Pleno,22,45,0.5,5,24,1,1
Pleno,24,43,0.17,7,1,4,0
Senior,30,46,0.15,5,10,2,0
Pleno,36,46,0.11,6,6,2,0
Junior,29,46,0.26,3,0,2,0
Senior,32,50,0.24,5,5,4,0
Senior,27,54,0.37,1,10,1,0
Pleno,32,45,0.25,5,14,1,1
Senior,27,51,0.14,2,1,5,0
Pleno,20,41,0.47,4,7,1,1
Junior,31,42,0.3,10,0,5,0
Pleno,31,47,0.48,9,17,2,1
Junior,25,49,0.51,7,14,4,1
Pleno,29,45,0.25,9,8,4,0
Senior,38,44,0.51,4,5,4,0
Senior,36,48,0.26,7,1,4,0
Junior,22,47,0.4,5,2,3,0
Senior,36,45,0.22,5,0,5,0
Pleno,42,45,0.35,5,0,4,0
Junior,36,49,0.15,8,19,1,1
Pleno,28,42,0.11,6,6,1,0
Senior,27,44,0.27,5,14,3,0
Senior,24,51,0.29,3,4,3,0
Pleno,21,45,0.34,9,13,3,1
Pleno,38,40,0.4,4,1,3,0
Pleno,30,41,0.55,5,4,4,0
Senior,24,56,0.32,8,9,3,1
Senior,40,51,0.11,7,13,1,1
Junior,30,41,0.25,6,1,5,0
Junior,20,38,0.34,2,10,1,0
Junior,29,38,0.26,3,6,2,0
Pleno,24,37,0.58,7,12,4,0
Junior,38,45,0.12,5,36,5,0
Senior,23,47,0.57,5,14,1,1
Junior,26,47,0.53,11,31,2,1
Junior,28,44,0.19,7,1,4,0
Pleno,38,45,0.17,4,25,1,0
Junior,28,45,0.25,4,3,5,0
Junior,24,42,0.16,5,15,5,0
Pleno,36,45,0.59,13,11,3,1
Junior,34,40,0.58,1,29,5,0
Junior,20,44,0.34,7,28,1,1
Pleno,27,43,0.28,5,12,3,0
Junior,20,46,0.48,5,2,3,0
Junior,21,43,0.18,3,2,1,0
Junior,30,42,0.22,9,7,4,0
Pleno,40,57,0.44,6,8,3,1
Pleno,24,56,0.36,3,1,3,0
Junior,31,41,0.4,5,5,2,0
Pleno,31,39,0.3,7,9,1,1
Pleno,29,53,0.47,7,24,1,1
Senior,23,44,0.15,7,4,5,0
Senior,44,44,0.27,4,6,4,0
Senior,30,47,0.57,10,13,2,1
Junior,29,46,0.48,9,17,2,1
Pleno,32,48,0.45,3,11,3,0
Pleno,21,46,0.33,4,8,5,0
Junior,27,41,0.33,4,20,3,0
Junior,26,51,0.16,5,2,2,0
Junior,30,50,0.59,4,7,2,1
Junior,38,44,0.22,5,6,3,0
Senior,24,48,0.56,6,9,4,0
Junior,24,49,0.36,2,3,1,0
Senior,35,53,0.48,6,19,3,1
Junior,20,50,0.35,6,2,3,0
Pleno,31,45,0.55,3,5,5,0
Junior,31,51,0.37,6,8,1,1
Pleno,36,40,0.4,5,3,4,0
Pleno,24,43,0.41,3,0,2,0
Pleno,33,51,0.24,6,6,4,0
Senior,35,53,0.11,7,0,4,0
Pleno,26,42,0.38,9,4,3,1
Pleno,29,47,0.53,4,36,1,1
Pleno,24,38,0.14,2,13,1,0
Senior,29,55,0.46,6,12,2,1
Pleno,35,43,0.12,4,30,3,0
Senior,20,43,0.6,4,6,3,0
Pleno,38,45,0.52,6,35,2,1
Junior,33,50,0.33,6,12,4,0
Senior,22,49,0.52,6,15,2,1
Junior,29,51,0.57,9,26,1,1
Junior,28,45,0.21,14,10,4,1
Senior,32,47,0.33,5,0,3,0
Junior,34,47,0.3,12,9,2,1
Senior,26,51,0.52,5,4,5,0
Pleno,33,48,0.25,6,5,3,0
Junior,30,42,0.14,3,3,4,0
Senior,43,52,0.52,3,28,1,1
Junior,29,43,0.13,6,6,4,0
Pleno,35,46,0.11,2,0,2,0
Pleno,29,49,0.34,7,18,1,1
Pleno,31,46,0.36,2,1,4,0
Junior,27,40,0.56,11,21,3,1
Pleno,32,48,0.15,3,2,2,0
Junior,23,44,0.27,5,35,1,1
Senior,30,52,0.48,3,3,5,0
Pleno,26,47,0.59,7,14,2,1
Pleno,31,43,0.17,9,20,5,0
Senior,32,44,0.17,3,0,5,0
Senior,44,46,0.31,8,9,3,1
Senior,34,52,0.43,7,13,3,1
Junior,23,45,0.48,2,0,1,0
Junior,24,45,0.27,5,17,2,0
Junior,28,39,0.51,4,0,4,0
Pleno,20,46,0.55,6,1,5,0
Pleno,32,54,0.25,5,30,1,1
Pleno,20,47,0.43,3,12,3,0
Pleno,25,46,0.5,3,35,5,0
Junior,21,56,0.4,4,36,1,1
Senior,23,46,0.37,4,18,3,0
Pleno,35,41,0.22,9,7,1,1
Junior,27,47,0.42,3,2,2,0
Junior,29,49,0.11,6,11,4,0
Pleno,24,46,0.35,4,4,4,0
Junior,35,38,0.59,2,2,2,0
Junior,26,40,0.51,8,0,5,0
Senior,40,61,0.54,5,7,1,1
Junior,29,40,0.2,6,5,1,0
Junior,29,53,0.47,6,6,3,1
Pleno,29,42,0.14,7,10,5,0
Senior,26,49,0.32,6,15,1,1
Junior,35,40,0.13,2,6,1,0
Junior,32,39,0.49,6,20,3,0
Pleno,20,59,0.11,7,14,3,1
Pleno,27,42,0.24,5,1,5,0
Senior,21,41,0.16,3,30,3,0
Senior,20,55,0.41,7,22,4,1
Junior,34,42,0.28,2,2,3,0
Junior,36,41,0.2,5,1,1,0
Junior,28,48,0.21,8,21,2,1
Junior,21,41,0.11,6,1,2,0
Pleno,20,44,0.1,2,9,1,0
Junior,30,48,0.17,5,28,1,1
Senior,22,47,0.57,3,4,3,0
Junior,31,44,0.39,4,5,3,0
Junior,27,39,0.34,4,6,5,0
Senior,32,40,0.53,3,0,5,0
Junior,29,51,0.55,4,7,2,1
Junior,36,43,0.34,8,8,1,1
Junior,26,42,0.28,5,16,2,0
Junior,36,43,0.21,3,10,5,0
Pleno,24,39,0.3,6,1,3,0
Senior,27,53,0.49,5,11,3,1
Senior,35,47,0.43,7,5,5,0
Pleno,33,44,0.39,8,2,4,0
Junior,22,47,0.54,6,36,3,1
Senior,29,44,0.15,8,6,4,0
Pleno,28,38,0.37,5,5,5,0
Junior,29,42,0.19,2,14,3,0
Senior,35,56,0.43,3,8,1,1
Junior,36,47,0.32,3,0,4,0
Pleno,22,38,0.58,5,2,3,0
Pleno,38,43,0.32,3,4,2,0
Pleno,41,52,0.34,11,20,5,1
Pleno,35,44,0.32,4,8,3,0
Pleno,31,47,0.28,3,5,1,0
Senior,32,50,0.34,7,10,2,1
Junior,29,42,0.11,6,14,4,0
Pleno,23,49,0.34,5,1,3,0
Senior,33,45,0.15,3,3,4,0
Senior,27,43,0.32,4,33,3,0
Senior,27,61,0.43,5,2,5,0
Pleno,28,41,0.37,7,5,4,0
Pleno,26,51,0.12,3,2,3,0
Pleno,30,42,0.2,8,9,1,1
Junior,20,39,0.39,4,0,4,0
Pleno,26,50,0.11,4,2,5,0
Senior,33,48,0.36,8,13,1,1
Junior,29,46,0.49,4,0,4,0
Junior,32,52,0.17,8,18,1,1
Junior,30,41,0.19,3,15,1,0
Junior,25,37,0.57,3,20,3,0
Pleno,20,46,0.3,7,36,3,1
Pleno,20,47,0.12,8,5,2,1
Pleno,28,42,0.55,3,17,1,0
Pleno,38,47,0.38,7,8,1,1
Senior,20,60,0.27,3,3,5,0
Senior,30,49,0.37,6,11,3,1
Senior,24,49,0.33,1,0,2,0
Pleno,28,44,0.58,6,14,4,0
Senior,23,40,0.44,4,0,4,0
Pleno,39,46,0.19,5,15,3,0
Senior,36,53,0.57,3,5,5,0
Pleno,30,45,0.4,7,12,1,1
Junior,25,44,0.29,9,4,1,1
Pleno,35,38,0.55,3,7,1,0
Junior,31,40,0.23,3,27,2,0
Senior,33,45,0.32,4,3,4,0
Pleno,29,46,0.43,3,0,2,0
Junior,26,42,0.16,3,6,2,0
Pleno,25,45,0.21,4,5,2,0
Pleno,40,52,0.49,4,12,2,1
Senior,34,47,0.38,4,7,4,0
Junior,21,36,0.11,6,3,1,0
Senior,30,62,0.24,7,7,2,1
Pleno,35,44,0.2,7,4,3,0
Senior,34,48,0.51,5,36,5,0
Pleno,31,51,0.26,9,5,2,1
Junior,30,39,0.43,6,10,4,0
Pleno,41,44,0.24,4,36,5,0
Junior,22,44,0.31,9,7,2,1
Junior,30,45,0.56,4,1,4,0
Senior,20,42,0.59,7,2,4,0
Junior,24,49,0.25,3,11,1,0
Senior,21,45,0.35,6,25,1,1
Junior,42,40,0.25,3,9,1,0
Senior,24,56,0.57,4,16,2,1
Junior,28,38,0.29,2,36,5,0
Junior,27,39,0.15,7,5,4,0
Junior,33,40,0.31,8,6,3,0
Senior,30,48,0.25,10,7,3,1
Junior,22,47,0.13,6,8,5,0
Senior,21,44,0.51,5,1,5,0
Senior,30,45,0.1,3,36,5,0
Pleno,36,44,0.14,5,29,3,0
Junior,32,49,0.42,4,1,3,0
Pleno,27,40,0.11,3,27,3,0
Pleno,29,45,0.51,6,9,1,1
Junior,36,48,0.48,5,18,1,1
Junior,34,44,0.33,6,22,1,1
Senior,37,45,0.52,2,10,4,0
Pleno,21,55,0.59,10,11,3,1
Pleno,28,39,0.35,8,12,4,0
Junior,27,46,0.39,2,2,4,0
Pleno,31,48,0.58,1,0,2,0
Junior,20,42,0.27,7,8,5,0
Junior,41,47,0.37,12,6,2,1
Junior,40,46,0.49,6,3,5,0
Junior,22,42,0.48,4,14,3,0
Senior,26,47,0.53,5,27,2,1
Junior,27,41,0.48,0,22,5,0
Junior,22,45,0.35,8,5,5,0
Pleno,42,41,0.19,7,10,3,0
Pleno,31,47,0.54,2,6,1,0
Junior,30,48,0.14,6,13,3,0
Junior,30,41,0.33,5,20,5,0
Pleno,35,45,0.36,6,36,4,0
Junior,31,40,0.32,6,36,1,1
Junior,33,44,0.3,4,6,2,0
Junior,33,47,0.54,7,31,2,1
Senior,35,58,0.33,4,4,1,1
Senior,20,51,0.34,1,0,2,0
Junior,33,51,0.33,2,3,5,0
Pleno,26,47,0.11,4,5,1,0
Junior,28,50,0.46,7,5,1,1
Pleno,35,47,0.25,3,8,3,0
Senior,34,42,0.43,1,17,4,0
Pleno,24,56,0.58,11,13,5,1
Pleno,38,48,0.55,9,5,5,1
Senior,25,50,0.53,4,21,4,0
Junior,20,50,0.2,2,1,3,0
Junior,27,38,0.6,4,0,2,0
Junior,24,49,0.4,6,10,2,1
Junior,37,37,0.33,9,8,1,1
Pleno,27,43,0.15,7,0,2,0
Senior,31,51,0.24,5,22,1,1
Pleno,29,49,0.12,7,5,3,0
Pleno,26,46,0.18,2,19,3,0
Senior,28,56,0.11,6,16,2,1
Senior,23,51,0.54,7,8,3,1
Senior,24,44,0.26,8,5,5,0
Pleno,28,51,0.34,4,0,3,0
Senior,30,49,0.36,0,22,2,0
Junior,27,44,0.5,7,12,4,0
Pleno,25,48,0.12,8,20,2,1
Junior,28,43,0.54,2,12,5,0
Senior,35,53,0.1,8,18,1,1
Pleno,30,40,0.35,5,1,3,0
Senior,38,49,0.51,13,15,4,1
Senior,33,48,0.17,2,12,5,0
Pleno,39,41,0.45,7,7,4,0
Senior,22,40,0.44,9,24,3,1
Pleno,34,52,0.36,6,7,2,1
Junior,38,41,0.31,2,17,1,0
Pleno,24,41,0.49,7,0,5,0
Junior,31,40,0.1,3,20,5,0
Pleno,44,38,0.36,7,10,4,0
Pleno,38,42,0.16,2,4,1,0
Junior,32,46,0.56,3,16,1,1
Junior,20,41,0.45,4,3,3,0
Pleno,29,52,0.33,9,14,2,1
Pleno,32,49,0.22,5,2,3,0
Pleno,36,40,0.19,3,3,4,0
Junior,37,46,0.35,9,4,2,1
Pleno,40,47,0.47,9,36,3,1
Junior,30,43,0.13,1,4,5,0
Junior,35,38,0.1,5,9,2,0
Pleno,38,43,0.38,3,3,4,0
Junior,25,46,0.11,4,13,3,0
Pleno,25,46,0.18,4,4,1,0
Pleno,20,38,0.2,4,2,5,0
Junior,24,46,0.4,6,22,1,1
Senior,31,51,0.52,10,6,5,1
Junior,38,44,0.48,0,20,5,0
Junior,28,48,0.2,8,10,1,1
Junior,22,46,0.33,4,5,2,0
Pleno,30,44,0.36,7,27,2,1
Pleno,33,46,0.52,3,26,4,0
Junior,32,43,0.17,2,15,3,0
Senior,20,48,0.4,7,36,3,1
Senior,33,51,0.57,3,7,5,0
Pleno,31,44,0.34,7,23,5,0
Junior,36,46,0.55,2,1,3,0
Senior,32,47,0.48,5,20,5,0
Pleno,33,48,0.33,2,7,3,0
Pleno,31,47,0.55,5,19,5,0
Pleno,27,44,0.22,6,4,2,0
Junior,43,39,0.34,5,0,2,0
Pleno,26,46,0.16,6,12,1,1
Junior,26,37,0.29,4,4,4,0
Pleno,23,45,0.44,3,2,5,0
Junior,36,50,0.46,7,17,3,1
Pleno,45,44,0.27,4,16,3,0
Junior,21,46,0.18,6,31,2,1
Junior,20,44,0.58,6,10,2,1
Junior,24,45,0.42,7,14,1,1
Senior,38,45,0.48,6,9,2,1
Senior,25,48,0.41,8,9,4,1
Pleno,38,46,0.39,5,21,3,0
Senior,24,47,0.43,6,3,5,0
Junior,31,46,0.59,7,16,3,1
Senior,34,48,0.28,3,0,4,0
Junior,27,44,0.53,7,18,5,0
Junior,30,45,0.5,5,31,5,0
Senior,26,42,0.4,4,9,2,0
Junior,24,42,0.54,5,13,3,0
Senior,30,49,0.19,3,19,5,0
Senior,23,50,0.11,4,14,2,0
Junior,28,41,0.55,11,5,5,1
Junior,26,40,0.39,4,8,3,0
Junior,26,43,0.22,3,9,2,0
Junior,36,56,0.54,9,9,3,1
Junior,39,42,0.26,6,3,5,0
Senior,36,51,0.53,4,9,1,1
Junior,40,45,0.4,7,16,2,1
Senior,26,47,0.41,4,11,1,1
Pleno,30,53,0.45,4,6,4,0
Pleno,30,38,0.59,1,1,4,0
Senior,36,54,0.51,6,36,4,1
Pleno,29,46,0.13,4,14,4,0
Junior,33,44,0.34,8,19,5,0
Senior,21,50,0.35,3,13,1,1
Senior,26,50,0.25,2,0,1,0
Junior,37,48,0.4,2,1,3,0
Senior,28,44,0.2,4,0,1,0
Junior,38,38,0.47,2,9,5,0
Pleno,31,40,0.46,4,3,1,0
Pleno,46,53,0.53,10,20,5,1
Junior,35,47,0.51,8,7,4,1
Junior,25,40,0.42,8,3,4,0
Pleno,26,40,0.23,3,36,5,0
Junior,28,47,0.43,5,5,1,1
Junior,35,49,0.49,7,22,3,1
Pleno,25,43,0.34,2,3,4,0
Senior,27,56,0.24,1,7,4,0
Pleno,28,49,0.33,9,12,2,1
Pleno,24,47,0.19,1,0,5,0
Pleno,34,44,0.36,2,5,4,0
Pleno,27,53,0.48,7,18,1,1
Junior,28,43,0.28,1,18,3,0
Junior,36,42,0.32,3,20,3,0
Junior,20,43,0.4,5,3,2,0
Pleno,33,42,0.49,11,22,3,1
Pleno,26,50,0.18,7,8,2,1
Junior,34,41,0.54,5,12,3,0
Senior,33,49,0.42,2,3,4,0
Senior,25,46,0.52,5,3,5,0
Pleno,36,47,0.55,4,8,2,1
Senior,27,59,0.47,9,36,2,1
Pleno,40,44,0.51,3,0,4,0
Junior,32,38,0.3,5,3,3,0
Junior,26,48,0.11,9,6,2,1
Pleno,29,46,0.55,8,4,4,1
Senior,20,45,0.19,4,2,5,0
Junior,20,41,0.13,6,7,3,0
Senior,27,58,0.21,4,17,5,0
Pleno,37,50,0.51,3,24,1,1
Senior,31,50,0.41,5,36,5,0
Junior,31,43,0.53,1,6,3,0
Junior,20,42,0.2,3,8,1,0
Pleno,30,41,0.19,7,6,5,0
Junior,29,40,0.25,2,0,3,0
Pleno,30,42,0.13,3,6,5,0
Senior,30,52,0.16,10,27,4,1
Pleno,28,38,0.53,8,1,4,0
Pleno,32,46,0.42,0,9,3,0
Pleno,33,41,0.36,6,2,3,0
Junior,31,45,0.55,6,15,1,1
Junior,25,36,0.33,6,3,3,0
Pleno,35,52,0.44,10,6,3,1
Junior,33,45,0.53,6,16,1,1
Pleno,31,49,0.58,6,14,2,1
Junior,25,38,0.39,2,2,2,0
Junior,24,45,0.26,4,3,1,0
Junior,29,43,0.36,4,0,5,0
Junior,29,51,0.55,5,5,4,0
Pleno,39,50,0.14,6,0,3,0
Junior,30,46,0.42,6,11,2,1
Junior,26,43,0.35,6,10,1,1
Pleno,35,40,0.33,3,5,3,0
Senior,23,44,0.37,11,4,3,1
Pleno,31,47,0.33,3,10,2,0
Senior,42,51,0.27,7,11,2,1
Junior,36,46,0.51,4,0,4,0
Senior,24,43,0.53,4,3,2,0
Pleno,41,40,0.46,3,6,3,0
Junior,27,40,0.26,6,0,5,0
Pleno,24,39,0.5,4,12,3,0
Pleno,27,43,0.58,5,7,1,1
Senior,22,39,0.44,7,7,4,0
Pleno,38,45,0.42,5,11,2,0
Senior,27,45,0.11,5,8,5,0
Pleno,35,46,0.18,4,3,1,0
Junior,30,40,0.26,4,2,4,0
Junior,31,44,0.16,3,0,2,0
Pleno,35,47,0.46,3,15,1,1
Pleno,37,49,0.43,4,3,4,0
Junior,20,40,0.38,4,0,1,0
Pleno,34,54,0.52,4,24,1,1
Junior,31,37,0.14,3,34,1,0
Senior,32,50,0.28,4,12,4,0
Junior,32,47,0.42,4,14,3,0
Pleno,43,48,0.18,5,2,4,0
Junior,35,45,0.39,3,0,4,0
Pleno,31,40,0.23,10,8,5,0
Pleno,39,42,0.3,4,4,5,0
Pleno,35,44,0.37,3,0,4,0
Pleno,36,46,0.38,6,1,5,0
Senior,24,49,0.16,5,8,5,0
Senior,31,50,0.24,4,29,1,1
Pleno,39,57,0.47,5,9,2,1
Junior,26,48,0.24,4,1,1,0
Pleno,34,42,0.33,3,1,5,0
Junior,33,39,0.18,5,2,4,0
Pleno,24,49,0.37,2,0,1,0
Pleno,34,54,0.46,5,7,3,1
Junior,33,44,0.56,8,9,3,1
Pleno,26,50,0.59,6,20,1,1
Pleno,32,44,0.16,1,1,5,0
Pleno,27,59,0.49,6,18,3,1
Junior,32,40,0.22,7,3,5,0
Pleno,34,47,0.3,2,3,5,0
Senior,40,51,0.16,6,1,5,0
Pleno,31,38,0.59,4,2,3,0
Junior,29,41,0.45,3,17,2,0
Junior,24,46,0.34,4,10,4,0
Pleno,26,40,0.28,2,7,2,0
Junior,20,40,0.43,3,5,4,0
Junior,26,44,0.19,4,12,1,0
Senior,22,49,0.2,4,0,3,0
Senior,25,50,0.38,6,14,1,1
Pleno,20,51,0.42,8,1,5,0
Junior,26,45,0.55,0,7,4,0
Junior,33,44,0.59,5,13,2,1
Pleno,25,45,0.18,4,9,5,0
Pleno,26,46,0.41,6,2,3,0
Junior,25,39,0.29,5,16,2,0
Senior,30,50,0.58,2,16,1,1
Junior,31,41,0.29,4,3,3,0
Senior,33,57,0.28,6,14,1,1
Junior,25,45,0.47,4,9,3,0
Junior,32,42,0.46,4,5,3,0
Junior,35,55,0.19,9,15,4,1
Pleno,21,49,0.23,7,7,2,1
Junior,24,46,0.24,8,16,5,0
Junior,22,51,0.48,5,4,4,0
Pleno,32,37,0.27,8,2,4,0
Pleno,29,53,0.11,4,24,2,0
Pleno,32,50,0.28,11,18,1,1
Junior,20,46,0.42,11,10,1,1
Senior,24,44,0.38,3,0,5,0
Pleno,36,50,0.15,7,36,5,0
Pleno,37,44,0.25,3,0,2,0
Pleno,34,44,0.53,5,6,2,1
Senior,32,48,0.35,8,36,1,1
Junior,33,40,0.16,5,36,4,0
Senior,32,47,0.29,6,0,3,0
Junior,32,43,0.24,5,10,1,0
Senior,33,48,0.21,4,4,3,0
Junior,38,42,0.47,4,4,3,0
Pleno,35,51,0.4,7,6,2,1
Junior,39,38,0.36,5,1,1,0
Senior,23,48,0.46,4,2,3,0
Senior,26,56,0.59,8,9,1,1
Senior,20,49,0.25,4,9,5,0
Junior,32,41,0.42,0,6,3,0
Junior,32,44,0.24,8,13,1,1
Junior,32,42,0.14,8,0,4,0
Pleno,23,42,0.15,6,0,5,0
Pleno,27,40,0.33,6,7,2,0
Senior,27,46,0.58,3,0,5,0
Junior,33,44,0.59,0,1,5,0
Junior,20,44,0.43,1,5,5,0
Junior,25,41,0.55,2,8,4,0
Junior,22,39,0.45,5,6,2,0
Junior,26,45,0.47,8,27,1,1
Junior,27,37,0.34,5,5,5,0
Pleno,24,50,0.34,3,15,5,0
Junior,20,48,0.52,4,21,3,0
Senior,25,50,0.56,4,3,2,1
Senior,27,49,0.18,4,3,1,0
Junior,32,51,0.35,6,29,2,1
Pleno,28,51,0.58,6,16,1,1
Junior,33,44,0.35,4,10,1,0
Junior,24,46,0.4,4,19,1,1
Pleno,34,41,0.25,6,8,5,0
Junior,31,39,0.4,3,19,2,0
Junior,43,46,0.28,4,15,2,0
Junior,41,42,0.31,6,4,3,0
Pleno,28,45,0.13,4,30,5,0
Junior,32,37,0.28,4,1,2,0
Senior,33,46,0.58,5,9,1,1
Pleno,27,45,0.36,7,36,3,1
Junior,20,42,0.36,3,26,5,0
Pleno,22,56,0.47,8,26,1,1
Senior,25,44,0.15,3,12,5,0
Senior,32,52,0.32,7,10,2,1
Pleno,31,43,0.14,6,1,4,0
Pleno,30,48,0.51,1,4,1,0
Junior,23,47,0.18,1,8,4,0
Senior,27,48,0.46,5,7,4,0
Senior,39,39,0.56,4,11,5,0
Junior,26,49,0.32,5,3,5,0
Junior,23,38,0.39,5,36,3,0
Junior,29,44,0.16,6,35,1,1
Junior,29,39,0.32,6,27,4,0
Pleno,23,42,0.11,6,13,3,0
Junior,34,41,0.12,0,11,4,0
Pleno,35,52,0.5,3,12,1,1
Pleno,43,41,0.37,1,0,2,0
Junior,33,39,0.19,6,1,2,0
Junior,32,46,0.2,7,8,2,1
Junior,20,41,0.17,5,7,1,0
Senior,34,44,0.32,4,17,4,0
Senior,44,43,0.3,5,5,3,0
Junior,24,46,0.6,5,11,1,1
Senior,40,48,0.17,5,6,3,0
Junior,25,47,0.13,5,15,4,0
Pleno,21,46,0.17,2,6,3,0
Junior,35,42,0.51,6,12,3,0
Junior,30,40,0.4,7,1,4,0
Pleno,30,42,0.37,5,2,2,0
Junior,35,40,0.47,4,1,3,0
Pleno,40,49,0.24,6,9,3,0
Senior,24,56,0.28,6,31,1,1
Junior,28,46,0.41,7,24,3,1
Pleno,23,43,0.2,6,5,5,0
Junior,22,42,0.13,9,8,1,1
Junior,34,41,0.27,4,2,4,0
Senior,35,53,0.13,5,18,1,1
Junior,33,40,0.29,5,3,3,0
Junior,22,39,0.15,6,30,1,1
Pleno,32,45,0.13,5,19,3,0
Pleno,20,38,0.25,7,0,4,0
Junior,37,47,0.25,6,4,4,0
Pleno,36,49,0.1,4,6,3,0
Pleno,32,44,0.48,4,2,5,0
Pleno,44,51,0.53,5,10,2,1
Pleno,30,40,0.32,4,10,4,0
Pleno,34,43,0.28,3,6,4,0
Junior,33,42,0.34,5,5,2,0
Junior,34,45,0.37,4,2,3,0
Pleno,25,50,0.49,3,22,1,1
Pleno,40,52,0.11,3,9,3,0
Senior,36,43,0.29,6,1,2,0
Pleno,27,41,0.35,1,4,2,0
Pleno,39,51,0.43,8,7,4,1
Senior,30,40,0.6,4,4,2,0
Senior,25,51,0.57,7,8,2,1
Junior,23,41,0.2,0,7,1,0
Pleno,26,44,0.16,8,11,3,0
Senior,32,57,0.59,2,8,5,0
Pleno,27,51,0.23,1,4,2,0
Pleno,29,39,0.39,5,36,3,0
Junior,21,46,0.18,4,11,5,0
Senior,30,56,0.41,5,27,1,1
Junior,29,42,0.4,6,28,1,1
Junior,42,38,0.16,3,2,2,0
Junior,31,39,0.38,4,0,5,0
Junior,36,39,0.13,4,9,5,0
Junior,28,39,0.4,8,12,5,0
Pleno,37,53,0.3,4,15,1,1
Junior,41,41,0.29,3,0,2,0
Junior,31,46,0.44,5,4,5,0
Junior,30,49,0.3,7,7,2,1
Junior,33,43,0.23,3,5,4,0
Junior,34,39,0.34,5,1,5,0
Senior,26,51,0.13,5,2,5,0
Junior,29,41,0.5,3,3,2,0
Pleno,26,37,0.18,5,0,4,0
Junior,32,44,0.59,5,9,2,1
Pleno,24,42,0.52,7,3,4,0
Junior,22,55,0.55,3,12,2,1
Pleno,31,44,0.33,4,36,3,0
Senior,33,40,0.12,4,0,2,0
Pleno,40,53,0.21,1,1,3,0
Pleno,20,42,0.41,3,7,3,0
Pleno,31,43,0.28,5,19,1,1
Senior,25,46,0.6,6,28,5,0
Junior,33,44,0.53,3,4,4,0
Pleno,22,56,0.2,4,0,2,0
Pleno,26,50,0.36,3,36,1,1
Junior,36,46,0.27,2,11,4,0
Junior,41,42,0.54,8,4,2,1
Junior,20,49,0.28,7,1,4,0
Pleno,29,44,0.42,3,5,3,0
Junior,28,44,0.28,6,12,1,1
Pleno,45,51,0.32,4,20,5,0
Pleno,31,46,0.17,1,14,2,0
Senior,27,55,0.34,10,6,4,1
Pleno,28,45,0.43,2,5,1,0
Pleno,30,48,0.21,5,0,5,0
Pleno,40,37,0.52,9,14,5,0
Junior,26,42,0.45,5,11,2,0
Senior,49,49,0.5,6,12,1,1
Pleno,20,45,0.46,5,1,5,0
Senior,26,51,0.19,3,12,1,0
Pleno,22,47,0.6,4,1,3,0
Junior,38,43,0.28,4,9,2,0
Senior,24,46,0.34,4,9,3,0
Pleno,30,42,0.37,6,7,3,0
Senior,26,56,0.35,6,7,3,1
Junior,24,39,0.43,5,0,5,0
Junior,29,41,0.12,4,15,4,0
Junior,31,38,0.51,2,19,1,0
Pleno,29,49,0.58,5,4,5,0
Pleno,25,46,0.3,2,20,2,0
Junior,29,46,0.43,3,13,2,0
Junior,31,42,0.29,4,3,2,0
Senior,29,49,0.26,4,3,3,0
Senior,23,51,0.58,6,13,4,1
Junior,22,39,0.19,4,22,3,0
Pleno,31,51,0.1,6,6,4,0
Pleno,20,46,0.58,5,3,4,0
Pleno,24,38,0.34,7,3,5,0
Pleno,20,49,0.34,3,10,4,0
Junior,22,37,0.19,6,7,2,0
Senior,35,40,0.21,5,8,4,0
Junior,21,45,0.35,7,10,5,0
Junior,31,39,0.2,5,36,2,0
Senior,29,51,0.36,4,12,1,1
Junior,27,37,0.27,1,6,2,0
Senior,26,49,0.5,5,12,2,1
Junior,26,45,0.45,4,11,5,0
Pleno,28,52,0.53,6,10,1,1
Junior,32,36,0.35,7,2,4,0
Pleno,32,51,0.58,6,13,3,1
Pleno,26,41,0.48,1,2,1,0
Junior,33,38,0.2,6,6,1,0
Junior,35,42,0.32,5,7,5,0
Pleno,26,48,0.57,6,16,1,1
Junior,20,42,0.15,11,16,4,1
Pleno,20,45,0.11,2,7,1,0
Senior,26,46,0.11,4,4,2,0
Junior,25,47,0.58,9,6,2,1
Junior,23,40,0.27,0,0,4,0
Junior,37,43,0.22,9,4,5,0
Pleno,29,37,0.11,6,14,5,0
Pleno,31,45,0.11,8,0,5,0
Pleno,35,45,0.45,5,3,2,0
Junior,23,56,0.49,6,7,1,1
Pleno,29,36,0.34,1,12,4,0
Pleno,39,40,0.42,5,7,4,0
Pleno,21,46,0.17,9,14,4,0
Pleno,28,44,0.25,5,1,4,0
Senior,20,59,0.16,6,8,1,1
Pleno,24,46,0.26,3,21,5,0
Senior,22,51,0.22,1,13,5,0
Pleno,25,42,0.27,3,1,5,0
Junior,32,43,0.52,4,11,2,0
Pleno,29,47,0.54,5,35,2,1
Junior,36,44,0.16,5,13,1,0
Junior,34,43,0.49,7,2,5,0
Pleno,28,52,0.19,4,1,2,0
Pleno,20,50,0.19,6,12,1,1
Senior,27,47,0.33,3,1,4,0
Junior,27,41,0.37,7,2,4,0
Senior,25,46,0.57,6,27,4,1
Senior,38,51,0.19,3,15,4,0
Pleno,27,40,0.13,9,5,4,0
Senior,22,47,0.32,0,9,2,0
Junior,32,47,0.14,4,4,5,0
Pleno,28,47,0.55,4,7,5,0
Pleno,20,46,0.44,7,4,1,1
Pleno,41,51,0.27,2,2,3,0
Junior,21,45,0.12,3,1,3,0
Pleno,20,48,0.48,5,3,5,0
Junior,29,44,0.49,6,12,1,1
Senior,27,45,0.46,6,7,1,1
Junior,30,43,0.28,7,36,1,1
Pleno,24,47,0.35,7,18,3,1
Senior,31,56,0.24,4,9,1,1
Senior,33,46,0.13,6,19,4,0
Pleno,32,60,0.27,7,36,2,1
Senior,35,49,0.27,7,10,5,0
Junior,29,43,0.56,7,2,5,0
Junior,21,43,0.11,4,6,5,0
Junior,34,37,0.32,6,23,3,0
Junior,32,41,0.48,4,1,1,0
Junior,28,41,0.17,4,3,2,0
Pleno,31,49,0.19,7,15,4,0
Pleno,21,49,0.59,5,8,2,1
Senior,20,43,0.42,4,4,1,0
Pleno,38,41,0.32,5,16,2,0
Senior,34,39,0.16,2,10,1,0
Pleno,42,51,0.43,4,12,1,1
Pleno,36,48,0.46,2,27,4,0
Senior,30,55,0.2,4,36,4,0
Junior,43,39,0.1,3,1,4,0
Pleno,33,43,0.16,8,18,2,1
Junior,31,40,0.48,3,11,5,0
Junior,31,46,0.48,8,7,2,1
Senior,27,58,0.29,5,7,2,1
Junior,27,41,0.31,6,13,3,0
Junior,29,43,0.51,3,4,3,0
Pleno,30,48,0.37,5,13,1,1
Pleno,20,53,0.52,9,13,5,1
Senior,24,50,0.48,5,22,2,1
Pleno,30,56,0.34,4,8,4,0
Pleno,28,42,0.52,3,1,3,0
Pleno,27,44,0.33,3,16,3,0
Pleno,31,49,0.52,6,10,3,1
Junior,37,39,0.48,4,0,2,0
Pleno,29,49,0.44,3,0,5,0
Pleno,35,42,0.49,0,4,4,0
Junior,33,43,0.14,4,11,2,0
Junior,39,44,0.26,3,18,1,0
Junior,23,42,0.11,2,10,1,0
Pleno,39,43,0.21,6,9,3,0
Senior,42,60,0.32,4,14,3,1
Pleno,21,44,0.46,5,8,1,1
Senior,29,46,0.55,5,3,4,0
Senior,28,42,0.56,7,12,3,1
Pleno,32,44,0.3,2,18,3,0
Pleno,32,53,0.2,7,8,4,0
Junior,38,41,0.54,4,2,4,0
Pleno,36,49,0.36,8,22,4,1
Junior,30,44,0.37,1,1,2,0
Pleno,45,40,0.38,5,1,2,0
Pleno,23,50,0.1,2,1,5,0
Pleno,27,46,0.15,6,8,4,0
Senior,34,42,0.37,4,7,4,0
Senior,28,50,0.56,11,7,5,1
Pleno,32,50,0.52,11,17,2,1
Junior,30,46,0.22,4,1,5,0
Junior,22,50,0.26,6,36,1,1
Senior,29,49,0.17,5,0,5,0
Pleno,26,39,0.23,4,1,3,0
Senior,35,46,0.21,4,2,1,0
Pleno,27,39,0.33,5,11,4,0
Junior,24,49,0.45,7,8,2,1
Pleno,29,41,0.36,5,19,2,0
Pleno,25,44,0.31,6,11,3,0
Pleno,33,49,0.15,6,2,5,0
Senior,29,53,0.57,6,6,2,1
Junior,38,42,0.13,4,2,4,0
Junior,24,44,0.35,8,9,2,1
Senior,27,42,0.25,6,2,5,0
Junior,32,40,0.13,6,23,5,0
Junior,26,46,0.24,4,2,3,0
Senior,27,42,0.41,5,0,5,0
Senior,26,47,0.58,2,1,4,0
Senior,31,42,0.31,6,15,5,0
Junior,39,41,0.23,1,36,3,0
Junior,25,49,0.11,2,19,3,0
Senior,23,46,0.42,4,13,5,0
Pleno,29,40,0.43,5,2,4,0
Junior,33,45,0.42,8,8,1,1
Pleno,22,52,0.41,5,17,1,1
Pleno,33,40,0.25,6,15,1,1
Junior,32,41,0.28,2,6,3,0
Senior,32,52,0.45,7,34,1,1
Pleno,28,45,0.12,8,5,3,0
Pleno,21,39,0.15,3,0,2,0
Junior,20,44,0.39,4,36,3,0
Pleno,24,51,0.4,5,11,1,1
Senior,32,51,0.49,9,7,2,1
Junior,23,40,0.27,2,11,5,0
Pleno,22,42,0.14,4,0,4,0
Junior,32,41,0.25,9,26,3,1
Pleno,31,42,0.34,5,26,1,1
Pleno,28,49,0.18,6,0,4,0
Pleno,20,51,0.45,5,1,3,0
Pleno,30,47,0.14,5,0,3,0
Pleno,39,53,0.57,8,36,1,1
Pleno,32,51,0.57,5,5,1,1
Pleno,20,37,0.36,7,0,3,0
Pleno,25,51,0.27,6,18,1,1
Pleno,35,47,0.34,3,1,4,0
Junior,29,53,0.28,9,8,3,1
Pleno,38,44,0.47,7,0,4,0
Junior,24,44,0.13,2,2,2,0
Pleno,24,47,0.42,3,7,4,0
Junior,20,44,0.44,2,0,3,0
Pleno,32,40,0.51,4,5,5,0
Junior,21,45,0.1,2,6,5,0
Junior,21,45,0.41,2,2,3,0
Junior,20,45,0.11,3,0,4,0
Senior,20,43,0.31,3,1,1,0
Pleno,44,47,0.16,4,2,2,0
Senior,31,53,0.15,5,0,2,0
Junior,38,39,0.46,4,21,2,0
Junior,31,41,0.16,5,36,1,1
Junior,39,40,0.22,6,3,5,0
Junior,20,40,0.48,2,14,3,0
Senior,27,42,0.56,4,4,4,0
Pleno,23,50,0.28,11,5,3,1
Pleno,20,47,0.59,7,6,5,0
Pleno,31,45,0.3,8,3,5,0
Junior,47,46,0.57,7,22,3,1
Pleno,31,43,0.56,5,0,3,0
Junior,20,44,0.58,5,8,4,0
Pleno,34,42,0.54,4,7,2,0
Junior,43,47,0.3,5,19,5,0
Senior,23,54,0.4,6,7,5,0
Junior,32,41,0.42,3,17,2,0
Junior,26,45,0.35,5,19,4,0
Junior,27,42,0.35,4,8,3,0
Junior,47,42,0.18,8,3,3,0
Junior,28,43,0.32,7,13,1,1
Junior,21,56,0.39,6,7,1,1
Pleno,27,48,0.6,8,6,5,1
Pleno,20,42,0.24,5,0,2,0
Junior,40,44,0.42,1,3,4,0
Pleno,28,50,0.22,6,7,5,0
Pleno,31,45,0.2,3,12,2,0
Pleno,29,47,0.49,2,1,5,0
Junior,20,41,0.14,6,8,3,0
Senior,25,51,0.59,6,8,4,1
Pleno,26,49,0.19,3,8,4,0
Pleno,28,49,0.44,2,0,1,0
Junior,38,44,0.22,10,18,2,1
Pleno,44,50,0.32,7,28,4,1
Junior,33,45,0.48,6,5,4,0
Junior,20,44,0.43,3,18,3,0
Pleno,34,46,0.5,6,3,4,0
Pleno,29,42,0.48,7,12,4,0
Pleno,35,42,0.27,6,4,4,0
Pleno,31,43,0.53,7,5,5,0
Pleno,39,49,0.17,5,20,4,0
Pleno,26,45,0.15,3,11,4,0
Pleno,33,44,0.51,10,21,1,1
Pleno,29,47,0.52,9,10,2,1
Junior,36,44,0.43,3,6,3,0
Junior,27,42,0.46,5,16,1,1
Pleno,24,45,0.59,7,0,5,0
Senior,34,46,0.35,3,14,5,0
Pleno,20,40,0.25,8,9,2,1
Senior,27,53,0.45,5,11,3,1
Pleno,34,53,0.38,5,4,1,1
Pleno,33,46,0.18,6,8,4,0
Junior,25,46,0.31,10,15,1,1
Senior,26,53,0.36,4,24,4,0
Junior,42,38,0.35,2,8,3,0
Pleno,22,47,0.17,1,11,4,0
Pleno,29,39,0.15,5,19,5,0
Junior,37,39,0.4,5,3,3,0
Senior,40,50,0.22,4,8,2,0
Pleno,30,43,0.14,6,5,5,0
Junior,39,47,0.19,5,18,1,1
Pleno,28,51,0.33,1,10,3,0
Senior,32,43,0.32,4,2,5,0
Pleno,35,53,0.44,8,23,4,1
Junior,35,46,0.55,5,13,2,1
Junior,24,47,0.22,6,12,2,0
Junior,33,42,0.26,3,9,1,0
Senior,26,55,0.12,8,36,2,1
Senior,20,54,0.2,6,17,2,1
Junior,29,39,0.28,5,9,1,0
Senior,36,44,0.55,3,0,4,0
Pleno,25,42,0.15,5,8,3,0
Senior,35,46,0.42,4,11,3,0
Senior,25,63,0.58,6,21,5,1
Junior,35,40,0.25,7,11,3,0
Senior,26,47,0.15,6,4,5,0
Junior,33,44,0.38,9,21,3,1
Senior,24,57,0.46,5,7,2,1
Pleno,26,42,0.29,5,10,5,0
Senior,37,41,0.23,6,1,2,0
Senior,39,48,0.52,4,17,5,0
Pleno,38,40,0.48,0,2,4,0
Junior,23,45,0.38,4,1,5,0
Junior,33,41,0.54,7,1,5,0
Junior,41,46,0.11,4,1,3,0
Pleno,32,45,0.43,5,23,5,0
Junior,25,40,0.11,4,3,3,0
Junior,26,47,0.6,8,14,2,1
Junior,21,40,0.33,4,1,1,0
Senior,36,51,0.18,3,0,4,0
Junior,35,40,0.36,1,2,3,0
Pleno,27,39,0.32,7,8,4,0
Pleno,34,42,0.14,3,0,4,0
Junior,25,42,0.12,4,3,4,0
Junior,26,41,0.44,4,22,4,0
Pleno,20,44,0.22,3,36,5,0
Junior,27,45,0.51,2,12,3,0
Pleno,22,52,0.55,6,19,3,1
Pleno,30,44,0.18,13,9,1,1
Senior,35,44,0.33,1,2,3,0
Senior,29,54,0.58,6,10,3,1
Senior,43,50,0.24,8,12,2,1
Junior,40,47,0.42,4,36,1,1
Junior,44,42,0.53,9,20,3,1
Junior,31,47,0.15,4,17,4,0
Pleno,30,44,0.32,8,5,5,0
Junior,22,45,0.37,1,1,2,0
Pleno,36,45,0.3,4,0,1,0
Junior,33,42,0.41,7,6,5,0
Pleno,27,38,0.52,6,1,5,0
Senior,27,44,0.47,5,9,2,1
Pleno,20,53,0.17,8,13,3,1
Junior,32,40,0.29,4,18,4,0
Senior,38,50,0.29,8,26,3,1
Junior,27,41,0.29,6,8,1,1
Junior,38,48,0.55,10,10,2,1
Pleno,40,47,0.38,4,13,3,0
Junior,39,47,0.47,10,6,2,1
Pleno,37,47,0.45,5,17,5,0
Senior,24,46,0.55,6,3,4,0
Pleno,22,54,0.24,9,12,2,1
Junior,31,42,0.37,9,5,4,0
Pleno,32,50,0.33,7,16,1,1
Senior,28,51,0.14,3,0,1,0
Senior,27,42,0.37,7,15,2,1
Pleno,37,47,0.18,8,4,4,0
Pleno,22,43,0.13,3,4,3,0
Junior,30,41,0.32,4,3,4,0
Pleno,26,41,0.47,6,7,5,0
Pleno,35,44,0.14,3,6,1,0
Pleno,23,50,0.51,4,7,3,0
Pleno,27,48,0.42,3,5,5,0
Senior,25,48,0.18,4,2,4,0
Junior,29,42,0.39,5,11,2,0
Junior,30,37,0.26,4,4,4,0
Senior,41,49,0.38,3,12,3,0
Senior,22,55,0.53,8,8,5,1
Junior,32,46,0.24,8,5,2,1
Junior,20,42,0.5,11,20,3,1
Junior,37,40,0.4,8,36,2,1
Junior,36,41,0.46,6,5,1,1
Pleno,26,45,0.32,6,23,5,0
Pleno,32,39,0.49,4,0,1,0
Senior,26,43,0.13,7,36,2,1
Pleno,27,50,0.43,5,36,4,0
Senior,23,41,0.55,5,6,3,0
Junior,38,41,0.58,4,0,5,0
Senior,21,52,0.57,6,5,2,1
Junior,28,41,0.54,6,4,4,0
Junior,28,42,0.56,2,8,1,0
Junior,27,43,0.38,5,26,1,1
Junior,28,38,0.19,3,12,2,0
Junior,32,40,0.45,4,5,5,0
Pleno,28,48,0.59,5,6,5,0
Pleno,21,46,0.42,3,13,5,0
Senior,27,49,0.14,5,0,3,0
Pleno,28,44,0.29,3,9,5,0
Senior,27,42,0.1,2,0,3,0
Pleno,34,51,0.55,4,11,5,0
Junior,31,42,0.57,8,12,2,1
Junior,37,46,0.15,4,18,3,0
Junior,20,42,0.54,4,10,3,0
Pleno,32,52,0.44,5,36,2,1
Junior,36,45,0.15,13,12,4,1
Senior,32,52,0.42,8,12,2,1
Junior,39,50,0.35,1,4,1,0
Pleno,31,53,0.52,5,8,1,1
Pleno,33,42,0.53,6,3,3,0
Pleno,29,42,0.12,3,29,3,0
Pleno,32,43,0.39,7,19,2,1
Pleno,28,47,0.54,5,36,3,1
Senior,27,44,0.14,5,27,5,0
Junior,34,41,0.58,2,1,3,0
Junior,28,46,0.31,10,36,4,1
Senior,20,54,0.11,3,4,4,0
Senior,38,45,0.49,2,3,1,0
Junior,22,44,0.13,5,10,2,0
Senior,28,48,0.38,3,13,3,0
Junior,32,51,0.34,2,29,2,0
Junior,31,49,0.47,2,8,5,0
Junior,39,41,0.13,5,4,2,0
Pleno,29,42,0.48,5,7,5,0
Senior,35,45,0.43,7,12,2,1
Senior,31,45,0.51,2,3,1,0
Pleno,35,44,0.6,3,1,4,0
Pleno,27,46,0.54,3,3,3,0
Pleno,21,49,0.57,6,10,1,1
Pleno,37,47,0.12,5,14,5,0
Senior,34,43,0.5,6,0,5,0
Junior,35,37,0.47,7,2,3,0
Junior,30,48,0.25,6,12,4,0
Junior,35,40,0.59,3,8,2,0
Junior,25,42,0.21,7,9,1,1
Junior,26,48,0.26,6,16,2,1
Pleno,30,43,0.35,5,12,4,0
Junior,27,44,0.48,3,4,2,0
Pleno,24,40,0.28,3,3,1,0
Junior,25,47,0.46,5,17,3,0
Pleno,26,41,0.45,4,9,2,0
Pleno,20,39,0.15,4,5,2,0
Senior,43,53,0.23,7,9,3,1
Pleno,20,41,0.43,3,0,1,0
Pleno,24,51,0.12,4,2,3,0
Junior,34,39,0.17,4,5,4,0
Junior,25,40,0.18,7,4,3,0
Junior,28,40,0.13,5,4,2,0
Pleno,37,44,0.19,5,11,2,0
Pleno,34,43,0.3,3,16,2,0
Senior,33,61,0.16,9,28,2,1
Senior,28,59,0.59,3,4,1,1
Junior,30,44,0.13,6,0,1,0
Senior,25,50,0.43,3,7,2,0
Pleno,33,48,0.49,3,0,2,0
Junior,23,41,0.38,4,18,1,0
Senior,35,50,0.29,4,3,4,0
Pleno,37,38,0.27,7,16,3,0
Senior,27,56,0.12,6,5,2,1
Pleno,26,41,0.28,5,0,2,0
Pleno,35,47,0.3,5,1,3,0
Pleno,29,43,0.34,8,25,3,1
Senior,41,44,0.17,6,15,3,0
Junior,29,41,0.52,3,0,1,0
Senior,29,62,0.51,8,15,4,1
Pleno,29,37,0.25,4,10,5,0
Junior,31,40,0.55,3,16,2,0
Junior,30,42,0.23,7,12,1,1
Junior,20,35,0.53,2,0,5,0
Senior,26,58,0.41,5,26,1,1
Junior,38,39,0.29,2,16,3,0
Pleno,20,49,0.33,5,3,5,0
Senior,28,45,0.29,4,3,5,0
Senior,28,49,0.42,7,33,1,1
Pleno,30,41,0.41,4,1,2,0
Pleno,32,49,0.47,10,5,5,1
Junior,26,45,0.35,11,25,1,1
Junior,30,43,0.34,4,0,3,0
Pleno,20,48,0.13,0,14,5,0
Junior,38,40,0.42,4,12,2,0
Pleno,26,47,0.27,4,13,5,0
Junior,32,49,0.56,7,9,2,1
Junior,20,41,0.31,2,10,3,0
Junior,24,38,0.29,6,11,4,0
Pleno,31,48,0.19,3,15,5,0
Junior,31,47,0.38,3,2,5,0
Junior,35,47,0.41,2,5,2,0
Senior,32,49,0.37,6,8,2,1
Junior,28,43,0.56,4,3,3,0
Senior,35,51,0.21,3,6,4,0
Junior,35,48,0.23,9,31,3,1
Pleno,33,45,0.35,6,6,1,1
Junior,30,38,0.39,5,9,3,0
Pleno,28,43,0.27,6,35,5,0
Senior,23,49,0.53,4,3,2,1
Pleno,44,40,0.55,6,18,5,0
Pleno,35,47,0.22,4,5,1,0
Junior,33,42,0.14,9,11,5,0
Pleno,24,45,0.11,4,26,4,0
Pleno,32,36,0.26,6,1,2,0
Pleno,28,40,0.49,5,10,5,0
Senior,22,48,0.28,1,6,2,0
Junior,32,51,0.33,7,9,2,1
Pleno,30,49,0.18,6,11,1,1
Senior,31,45,0.59,6,2,4,0
Junior,29,49,0.56,5,12,1,1
Junior,34,39,0.42,4,9,3,0
Junior,32,53,0.58,6,28,2,1
Pleno,20,51,0.55,5,14,2,1
Senior,28,55,0.54,5,10,1,1
Pleno,33,49,0.4,5,21,1,1
Junior,25,49,0.55,6,3,4,0
Junior,20,53,0.28,7,4,1,1
Senior,28,53,0.54,2,11,4,0
Junior,33,50,0.43,6,22,2,1
Senior,26,47,0.28,5,6,1,1
Junior,20,40,0.28,3,7,5,0
Junior,33,37,0.34,5,21,3,0
Pleno,39,40,0.36,5,0,2,0
Junior,25,44,0.24,11,21,5,1
Pleno,30,53,0.51,7,29,2,1
Pleno,36,41,0.39,5,12,4,0
Pleno,30,44,0.24,4,2,2,0
Pleno,24,46,0.19,10,14,4,1
Junior,34,46,0.46,5,36,2,1
Junior,26,37,0.35,4,36,2,0
Pleno,36,44,0.21,4,2,2,0
Junior,30,37,0.31,8,4,5,0
Junior,26,41,0.32,5,8,4,0
Junior,31,48,0.5,9,8,5,1
Pleno,28,54,0.13,2,7,1,0
Pleno,30,48,0.47,6,12,2,1
Junior,36,48,0.2,6,5,1,1
Senior,20,59,0.29,7,32,5,1
Junior,34,43,0.37,9,19,5,0
Junior,30,41,0.59,3,4,4,0
Pleno,29,47,0.17,10,8,1,1
Pleno,28,37,0.45,4,9,3,0
Junior,29,41,0.45,2,26,2,0
Junior,25,41,0.31,6,1,2,0
Junior,32,43,0.14,5,15,4,0
Junior,23,43,0.38,5,3,3,0
Junior,31,42,0.32,7,23,1,1
Pleno,27,35,0.14,4,18,1,0
Senior,31,50,0.57,4,7,4,0
Junior,33,45,0.36,9,6,1,1
Junior,32,37,0.13,6,0,3,0
Pleno,28,50,0.19,2,3,1,0
Pleno,20,48,0.51,8,23,4,1
Junior,39,39,0.17,4,4,4,0
Pleno,28,47,0.24,2,4,3,0
Senior,29,50,0.28,6,0,4,0
Pleno,36,41,0.39,5,11,1,1
Junior,20,41,0.49,3,30,2,0
Pleno,20,37,0.16,2,0,4,0
Senior,30,52,0.42,7,9,1,1
Senior,29,44,0.58,5,17,5,0
Junior,32,44,0.39,4,27,2,0
Pleno,36,41,0.31,5,8,4,0
Junior,27,48,0.28,5,0,5,0
Junior,26,48,0.5,5,8,2,1
Junior,33,49,0.34,1,3,2,0
Junior,40,43,0.6,4,2,5,0
Pleno,32,43,0.5,6,3,4,0
Junior,25,40,0.23,5,11,1,0
Junior,34,43,0.23,7,1,5,0
Pleno,31,38,0.43,2,0,3,0
Pleno,29,40,0.51,5,18,5,0
Pleno,20,50,0.35,5,0,4,0
Pleno,24,50,0.12,7,20,4,0
Pleno,25,45,0.4,6,10,2,1
Junior,33,57,0.46,6,23,4,1
Senior,27,38,0.36,4,11,4,0
Junior,25,37,0.4,6,12,2,0
Junior,24,39,0.4,4,0,2,0
Pleno,31,46,0.14,4,3,2,0
Pleno,30,49,0.23,8,7,3,1
Junior,31,41,0.27,5,9,4,0
Pleno,29,42,0.51,5,6,5,0
Pleno,36,43,0.22,2,19,4,0
Senior,21,49,0.46,4,2,4,0
Pleno,30,49,0.3,7,22,1,1
Senior,31,54,0.17,6,36,3,1
Junior,28,43,0.17,1,26,5,0
Junior,33,51,0.58,12,13,4,1
Senior,30,46,0.37,6,1,3,0
Junior,28,42,0.22,8,0,4,0
Pleno,43,47,0.42,5,7,4,0
Junior,29,43,0.57,2,20,1,0
Pleno,30,40,0.17,2,27,5,0
Pleno,30,47,0.42,4,9,3,0
Junior,21,44,0.48,6,36,2,1
Pleno,26,46,0.11,7,3,5,0
Pleno,28,39,0.47,5,3,2,0
Junior,30,44,0.16,7,4,3,0
Senior,36,45,0.18,9,20,1,1
Pleno,24,48,0.58,0,5,1,0
Pleno,30,39,0.37,4,1,3,0
Pleno,31,43,0.41,4,2,3,0
Junior,28,42,0.19,7,5,3,0
Senior,33,46,0.14,2,17,4,0
Pleno,26,51,0.15,4,12,5,0
Senior,20,45,0.43,4,11,3,0
Junior,24,47,0.48,4,5,1,1
Pleno,20,47,0.35,6,2,3,0
Senior,35,43,0.23,8,15,2,1
Senior,30,44,0.54,4,7,3,0
Junior,29,40,0.36,7,8,3,0
Junior,26,52,0.11,7,10,4,0
Pleno,27,46,0.31,3,1,3,0
Junior,44,43,0.45,6,7,1,1
Senior,34,51,0.11,2,4,1,0
Junior,36,40,0.46,7,14,5,0
Junior,30,44,0.38,5,8,1,1
Senior,28,45,0.33,2,14,2,0
Pleno,31,39,0.19,7,15,2,0
Pleno,27,51,0.4,5,12,2,1
Pleno,27,48,0.39,8,4,2,1
Senior,35,46,0.13,0,26,2,0
Senior,20,40,0.17,2,3,3,0
Pleno,30,40,0.15,5,8,4,0
Junior,29,42,0.14,9,8,2,1
Junior,32,50,0.17,6,12,1,1
Senior,22,47,0.3,2,1,3,0
Pleno,23,46,0.6,6,5,5,0
Junior,32,48,0.21,5,5,5,0
Junior,39,41,0.1,7,1,5,0
Pleno,22,48,0.53,5,6,2,1
Pleno,33,44,0.26,2,6,3,0
Junior,46,46,0.39,5,13,1,1
Pleno,24,52,0.25,13,8,5,1
Junior,40,47,0.59,6,9,2,1
Pleno,31,46,0.18,3,3,2,0
Pleno,29,44,0.58,6,9,5,0
Junior,38,39,0.44,5,3,5,0
Senior,35,51,0.33,6,36,3,1
Senior,20,51,0.25,2,1,4,0
Pleno,27,50,0.25,5,5,3,0
Junior,22,44,0.2,5,19,3,0
Pleno,29,39,0.59,5,9,5,0
Senior,34,53,0.49,3,20,1,1
Junior,42,43,0.37,5,33,2,1
Pleno,20,44,0.55,6,6,3,1
Pleno,39,43,0.12,2,5,5,0
Pleno,28,40,0.5,4,21,5,0
Pleno,27,40,0.11,4,4,2,0
Junior,37,46,0.16,1,6,3,0
Junior,31,43,0.17,5,1,2,0
Junior,33,43,0.13,5,10,3,0
Junior,31,40,0.5,1,1,2,0
Senior,25,47,0.57,5,12,5,0
Junior,29,42,0.19,1,4,2,0
Senior,35,45,0.58,5,13,1,1
Junior,23,41,0.12,5,10,2,0
Pleno,20,46,0.12,7,6,3,0
Senior,25,53,0.49,8,8,2,1
Pleno,27,42,0.13,5,15,5,0
Junior,27,40,0.45,5,2,3,0
Junior,32,35,0.19,3,9,4,0
Junior,37,43,0.41,8,25,5,0
Senior,25,49,0.49,4,3,4,0
Pleno,20,40,0.39,6,13,4,0
Junior,37,45,0.16,5,13,2,0
Pleno,26,40,0.12,4,36,4,0
Pleno,24,40,0.33,7,24,3,0
Senior,32,43,0.58,4,7,4,0
Pleno,34,42,0.14,2,0,1,0
Pleno,39,44,0.14,5,5,3,0
Pleno,32,45,0.48,2,17,4,0
Junior,38,40,0.53,2,5,2,0
Junior,28,38,0.22,4,5,3,0
Pleno,23,44,0.25,6,18,1,1
Junior,20,42,0.4,6,5,3,0
Junior,28,46,0.2,6,11,3,0
Junior,36,45,0.3,3,7,1,0
Junior,41,44,0.39,4,0,4,0
Junior,20,41,0.15,6,10,1,0
Pleno,22,45,0.35,3,3,5,0
Junior,32,46,0.24,11,7,1,1
Pleno,34,44,0.45,4,18,3,0
Pleno,28,58,0.31,6,11,3,1
Senior,20,51,0.56,5,9,1,1
Pleno,27,51,0.51,7,14,4,1
Senior,20,46,0.22,4,11,5,0
Junior,34,43,0.27,2,8,4,0
Junior,40,36,0.19,3,36,5,0
Junior,20,47,0.2,2,6,3,0
Senior,20,51,0.14,5,26,3,0
Pleno,20,42,0.35,3,6,3,0
Junior,34,38,0.24,2,23,3,0
Pleno,33,42,0.37,4,3,1,0
Pleno,24,45,0.36,0,35,2,0
Junior,29,42,0.27,6,27,1,1
Junior,34,46,0.25,0,3,4,0
Pleno,28,47,0.19,3,9,1,0
Pleno,21,44,0.13,10,20,5,0
Pleno,27,49,0.6,2,2,4,0
Senior,39,49,0.47,5,2,3,0
Pleno,38,40,0.55,4,11,4,0
Junior,30,44,0.5,5,8,5,0
Junior,32,43,0.42,7,16,4,0
Pleno,31,40,0.45,2,1,5,0
Junior,20,45,0.49,9,6,1,1
Pleno,33,45,0.1,4,2,4,0
Junior,31,39,0.13,2,18,5,0
Junior,31,40,0.56,3,1,2,0
Senior,20,48,0.16,7,0,3,0
Pleno,27,42,0.39,3,20,3,0
Pleno,27,44,0.53,2,20,1,0
Junior,31,39,0.32,6,18,4,0
Pleno,35,46,0.16,4,1,3,0
Junior,25,39,0.16,4,17,1,0
Junior,24,44,0.19,6,12,3,0
Junior,44,50,0.35,4,4,2,0
Junior,28,49,0.53,2,10,4,0
Pleno,21,49,0.32,5,0,2,0
Pleno,41,53,0.45,5,1,5,0
Pleno,24,51,0.3,11,10,1,1
Pleno,31,42,0.25,4,4,5,0
Pleno,25,44,0.53,3,2,3,0
Senior,40,46,0.56,2,20,4,0
Junior,40,42,0.17,5,4,5,0
Junior,25,41,0.53,3,0,4,0
Junior,31,42,0.59,2,3,2,0
Senior,23,52,0.36,1,11,1,0
Senior,20,47,0.4,7,7,5,0
Senior,37,46,0.24,5,1,5,0
Junior,26,45,0.5,3,26,2,0
Junior,32,38,0.1,5,0,2,0
Junior,26,43,0.53,5,10,5,0
Pleno,37,47,0.4,4,7,3,0
Junior,40,51,0.58,9,10,4,1
Pleno,40,55,0.55,6,27,1,1
Pleno,37,45,0.15,4,14,3,0
Pleno,41,49,0.44,5,7,5,0
Junior,35,36,0.4,3,3,5,0
Pleno,34,41,0.13,5,7,4,0
Senior,31,42,0.51,2,3,2,0
Junior,31,42,0.28,1,7,1,0
Junior,28,39,0.5,5,18,3,0
Senior,25,51,0.46,6,19,3,1
Pleno,36,43,0.34,4,36,1,1
Senior,36,52,0.5,3,10,1,1
Pleno,31,45,0.48,8,7,3,1
Pleno,40,50,0.24,6,9,5,0
Pleno,28,41,0.57,2,5,5,0
Junior,32,37,0.12,6,19,4,0
Pleno,29,54,0.13,4,25,1,1
Pleno,29,50,0.22,6,8,1,1
Junior,27,40,0.43,5,19,2,0
Pleno,30,37,0.55,4,1,5,0
Junior,26,44,0.31,7,36,1,1
Junior,28,47,0.48,3,15,5,0
Pleno,32,37,0.14,7,8,5,0
Senior,37,58,0.54,5,11,4,1
Senior,27,64,0.12,9,8,2,1
Junior,32,37,0.47,2,20,3,0
Pleno,35,52,0.6,5,5,2,1
Pleno,33,36,0.38,8,0,3,0
Junior,20,39,0.42,5,2,5,0
Junior,32,43,0.3,6,2,5,0
Pleno,29,49,0.49,3,3,4,0
Senior,27,49,0.14,4,13,1,0
Senior,36,51,0.1,3,1,5,0
Junior,38,44,0.38,8,8,1,1
Pleno,28,44,0.13,7,2,5,0
Junior,39,52,0.34,8,16,2,1
Pleno,28,48,0.38,5,11,4,0
Junior,32,42,0.52,2,21,4,0
Junior,31,39,0.51,6,0,5,0
Pleno,38,46,0.56,6,20,2,1
Junior,37,41,0.44,5,14,3,0
Pleno,37,41,0.18,5,19,2,0
Junior,28,43,0.32,8,13,5,0
Junior,33,43,0.21,2,4,3,0
Junior,36,46,0.52,7,16,3,1
Pleno,37,49,0.54,3,12,1,1
Junior,27,37,0.42,5,7,5,0
Junior,28,44,0.54,8,11,2,1
Senior,20,49,0.34,6,36,4,0
Pleno,28,43,0.2,5,19,4,0
Junior,28,42,0.46,5,5,4,0
Pleno,28,41,0.42,4,17,5,0
Junior,20,39,0.2,7,0,2,0
Pleno,31,50,0.58,6,10,5,0
Senior,35,45,0.45,6,9,5,0
Senior,37,45,0.25,2,3,3,0
Senior,32,43,0.31,7,15,5,0
Junior,34,37,0.12,4,6,5,0
Pleno,36,40,0.34,5,0,2,0
Junior,26,42,0.12,1,4,5,0
Pleno,25,53,0.46,8,11,2,1
Pleno,22,48,0.39,4,17,4,0
Senior,21,49,0.26,5,9,1,1
Junior,23,41,0.23,3,4,5,0
Pleno,39,38,0.29,1,3,5,0
Senior,24,50,0.55,7,4,5,0
Senior,25,50,0.42,2,12,2,0
Pleno,27,43,0.6,9,22,3,1
Pleno,22,40,0.25,4,3,5,0
Junior,34,44,0.18,3,10,3,0
Pleno,31,40,0.33,6,9,1,1
Junior,25,40,0.49,7,10,3,0
Senior,21,45,0.45,6,5,4,0
Junior,23,38,0.27,9,5,4,0
Junior,35,39,0.2,4,10,1,0
Senior,37,46,0.5,5,36,2,1
Junior,24,41,0.53,6,7,5,0
Senior,31,52,0.32,2,0,1,0
Pleno,34,58,0.5,6,12,1,1
Senior,22,50,0.5,9,26,4,1
Senior,26,54,0.37,2,0,1,0
Senior,41,47,0.52,7,21,1,1
Pleno,29,56,0.11,6,4,1,1
Junior,20,42,0.3,3,3,1,0
Junior,40,41,0.2,6,11,5,0
Senior,27,47,0.57,2,4,5,0
Pleno,30,55,0.2,4,15,1,1
Pleno,36,44,0.26,6,18,4,0
Junior,32,44,0.59,6,6,4,0
Pleno,34,43,0.52,3,28,4,0
Senior,33,43,0.35,5,3,3,0
Pleno,25,49,0.5,7,18,2,1
Senior,34,44,0.36,3,10,3,0
Pleno,32,46,0.16,1,36,3,0
Junior,32,39,0.54,4,0,1,0
Junior,36,42,0.29,4,36,4,0
Junior,25,43,0.29,6,0,2,0
Senior,33,52,0.23,5,27,4,0
Junior,34,35,0.36,4,0,3,0
Pleno,34,43,0.17,3,3,1,0
Junior,27,44,0.49,4,11,1,1
Senior,41,55,0.45,6,16,2,1
Pleno,28,43,0.49,7,27,3,1
Junior,36,42,0.54,4,0,2,0
Junior,36,37,0.44,3,0,4,0
Junior,32,46,0.32,3,6,2,0
Junior,26,47,0.36,5,26,1,1
Pleno,31,42,0.39,4,14,3,0
Pleno,39,46,0.53,7,11,3,1
Junior,23,44,0.16,6,2,4,0
Pleno,20,39,0.29,1,10,2,0
Pleno,35,39,0.3,6,3,2,0
Pleno,34,51,0.23,7,14,2,1
Pleno,24,48,0.49,5,6,1,1
Pleno,20,46,0.59,10,36,5,1
Senior,29,39,0.21,3,10,3,0
Pleno,20,41,0.24,6,16,3,0
Senior,34,47,0.15,4,5,4,0
Junior,23,43,0.48,6,1,5,0
Junior,37,41,0.25,4,3,3,0
Junior,20,42,0.15,6,3,4,0
Pleno,23,39,0.32,5,10,3,0
Junior,38,40,0.5,4,11,4,0
Junior,22,46,0.6,4,3,4,0
Junior,35,45,0.23,2,36,4,0
Junior,31,47,0.55,8,9,4,1
Junior,20,46,0.21,1,2,2,0
Senior,34,51,0.3,7,4,4,0
Pleno,30,43,0.51,4,3,5,0
Senior,39,47,0.26,5,1,4,0
Pleno,29,51,0.38,4,12,5,0
Pleno,26,43,0.39,4,8,2,0
Junior,23,41,0.18,5,9,1,0
Pleno,30,40,0.39,4,8,2,0
Pleno,38,41,0.33,2,9,4,0
Pleno,24,44,0.34,1,13,4,0
Pleno,36,46,0.35,5,2,5,0
Pleno,32,48,0.16,4,4,3,0
Pleno,20,43,0.37,7,7,3,0
Senior,30,57,0.51,6,21,1,1
Pleno,20,43,0.56,2,7,1,0
Senior,26,55,0.56,7,11,5,1
Pleno,24,42,0.38,3,2,5,0
Junior,23,50,0.26,4,19,2,0
Pleno,27,44,0.52,0,7,1,0
Pleno,32,49,0.5,2,0,5,0
Junior,27,51,0.12,3,4,1,0
Pleno,20,47,0.53,8,11,1,1
Senior,20,53,0.46,8,22,3,1
Pleno,22,45,0.52,6,6,1,1
Junior,28,47,0.38,10,19,2,1
Senior,30,50,0.41,8,36,5,1
Junior,30,49,0.17,3,2,1,0
Junior,29,44,0.16,2,2,4,0
Pleno,28,37,0.22,1,7,1,0
Pleno,31,40,0.53,7,6,4,0
Pleno,20,39,0.43,4,14,2,0
Pleno,31,55,0.57,5,19,1,1
Junior,35,40,0.21,10,3,5,0
Pleno,33,42,0.33,4,6,2,0
Pleno,30,48,0.36,4,10,1,1
Pleno,29,48,0.37,3,0,2,0
Pleno,26,48,0.19,6,19,1,1
Junior,20,38,0.46,5,14,3,0
Junior,31,43,0.12,5,9,4,0
Senior,32,46,0.16,4,10,4,0
Junior,34,42,0.29,5,0,4,0
Senior,30,56,0.3,4,7,4,0
Junior,28,48,0.52,8,17,3,1
Junior,27,42,0.38,2,2,5,0
Junior,24,48,0.43,7,16,2,1
Junior,28,43,0.59,6,0,5,0
Junior,21,40,0.13,6,3,2,0
Pleno,26,43,0.31,2,24,2,0
Pleno,33,38,0.59,7,12,4,0
Junior,41,39,0.21,7,17,5,0
Junior,21,42,0.15,5,3,1,0
Pleno,29,47,0.5,5,13,5,0
Senior,27,55,0.4,8,8,5,1
Pleno,28,54,0.57,6,20,1,1
Junior,25,53,0.55,3,15,1,1
Junior,29,41,0.4,4,0,1,0
Junior,32,43,0.57,10,13,4,1
Pleno,20,47,0.34,3,14,5,0
Pleno,26,43,0.22,5,14,2,0
Pleno,38,48,0.2,9,6,2,1
Senior,21,59,0.47,14,26,1,1
Junior,38,41,0.34,4,2,3,0
Junior,30,41,0.4,4,2,2,0
Junior,31,42,0.29,4,8,4,0
Pleno,28,55,0.49,2,29,1,1
Pleno,28,37,0.6,6,4,3,0
Pleno,29,55,0.2,5,7,1,1
Pleno,24,64,0.58,2,7,3,1
Junior,30,40,0.16,6,1,1,0
Pleno,35,58,0.23,8,17,1,1
Junior,38,41,0.36,4,8,1,0
Junior,37,46,0.2,3,4,3,0
Pleno,30,49,0.18,9,8,1,1
Pleno,33,46,0.54,5,18,2,1
Senior,20,58,0.41,8,21,4,1
Pleno,34,50,0.36,7,20,2,1
Junior,41,40,0.4,5,1,5,0
Junior,33,42,0.24,6,0,5,0
Pleno,20,45,0.38,1,12,4,0
Pleno,33,44,0.19,2,9,2,0
Pleno,24,46,0.54,5,36,5,0
Pleno,27,41,0.2,4,3,2,0
Junior,28,43,0.32,9,9,2,1
Junior,30,43,0.29,5,2,1,0
Senior,24,56,0.1,5,1,3,0
Pleno,30,41,0.44,5,9,4,0
Junior,30,52,0.35,2,0,3,0
Senior,30,53,0.39,5,36,3,1
Pleno,29,40,0.26,5,1,5,0
Pleno,24,49,0.2,8,34,4,1
Pleno,29,49,0.55,2,4,3,0
Senior,26,47,0.38,5,12,4,0
Junior,27,45,0.38,3,1,3,0
Pleno,41,47,0.36,7,4,5,0
Pleno,30,43,0.11,9,9,2,1
Junior,26,45,0.29,5,20,1,1
Junior,23,43,0.34,2,30,1,0
Junior,45,37,0.51,3,4,3,0
Senior,35,43,0.15,5,13,2,0
Junior,28,38,0.11,4,21,5,0
Junior,33,50,0.59,10,9,4,1
Junior,22,45,0.38,9,9,1,1
Pleno,28,51,0.6,8,13,3,1
Junior,22,41,0.21,6,12,1,0
Pleno,31,40,0.16,5,0,5,0
Pleno,30,38,0.32,4,6,3,0
Pleno,27,42,0.44,4,0,2,0
Pleno,24,41,0.38,6,18,4,0
Senior,25,40,0.23,6,5,2,0
Pleno,30,39,0.39,3,1,1,0
Pleno,20,48,0.32,4,12,5,0
Junior,27,40,0.52,5,2,5,0
Junior,36,42,0.11,2,2,4,0
Pleno,29,40,0.28,7,20,5,0
Senior,26,44,0.55,5,7,5,0
Pleno,25,40,0.18,8,5,3,0
Pleno,25,41,0.11,5,14,1,0
Junior,28,45,0.43,4,10,2,0
Junior,23,45,0.16,9,8,1,1
Pleno,20,40,0.47,4,1,3,0
Pleno,27,45,0.27,6,8,5,0
Junior,29,42,0.19,2,2,4,0
Pleno,30,47,0.35,7,20,5,0
Junior,33,52,0.42,3,1,2,0
Senior,29,53,0.17,6,36,1,1
Senior,36,51,0.12,3,18,2,0
Pleno,29,43,0.57,3,13,4,0
Junior,34,40,0.4,10,6,5,0
Junior,37,40,0.5,5,36,5,0
Junior,23,47,0.45,9,11,4,1
Junior,34,41,0.52,4,12,1,1
Pleno,38,48,0.55,1,21,1,0
Pleno,20,42,0.2,8,5,5,0
Pleno,34,44,0.16,5,4,4,0
Junior,29,48,0.55,6,10,2,1
Pleno,26,42,0.41,2,36,5,0
Pleno,22,45,0.32,6,1,5,0
Pleno,20,59,0.11,9,9,5,1
Junior,26,43,0.34,7,5,4,0
Junior,21,47,0.28,1,10,5,0
Junior,36,46,0.53,5,5,5,0
Junior,26,41,0.42,5,23,3,0
Pleno,27,49,0.17,9,8,3,1
Pleno,28,38,0.12,4,0,4,0
Senior,34,37,0.42,1,8,2,0
Senior,20,45,0.1,3,3,2,0
Junior,31,47,0.36,5,0,2,0
Pleno,21,42,0.25,3,9,3,0
Senior,25,48,0.42,5,18,2,1
Junior,20,49,0.2,4,36,1,1
Junior,29,41,0.36,4,11,3,0
Pleno,33,51,0.46,5,12,1,1
Senior,31,55,0.41,8,7,2,1
Pleno,41,43,0.36,3,1,1,0
Junior,35,40,0.34,5,0,1,0
Senior,32,57,0.54,8,10,4,1
Pleno,27,54,0.21,5,26,1,1
Senior,35,47,0.25,5,9,1,1
Pleno,28,52,0.13,7,15,1,1
Pleno,20,39,0.4,5,16,4,0
Junior,31,39,0.17,7,32,3,0
Senior,29,48,0.35,8,18,3,1
Junior,29,47,0.36,7,1,5,0
Pleno,21,46,0.44,2,20,2,0
Senior,32,50,0.56,4,17,2,1
Junior,25,39,0.11,3,1,1,0
Pleno,22,60,0.3,9,13,2,1
Junior,38,40,0.1,2,1,2,0
Pleno,20,48,0.34,4,10,4,0
Pleno,20,47,0.39,8,36,3,1
Junior,34,40,0.21,1,2,3,0
Pleno,33,40,0.45,4,8,2,0
Junior,32,41,0.13,2,11,3,0
Pleno,33,48,0.51,6,9,1,1
Senior,29,45,0.32,5,1,2,0
Senior,36,48,0.18,4,1,2,0
Senior,39,48,0.35,4,36,5,0
Senior,22,51,0.14,5,10,1,1
Pleno,33,39,0.19,3,5,2,0
Pleno,31,54,0.11,8,30,1,1
Junior,22,42,0.21,6,6,5,0
Pleno,22,44,0.45,2,27,2,0
Senior,38,49,0.31,5,9,3,0
Junior,22,45,0.39,7,25,3,1
Pleno,22,46,0.34,1,36,2,0
Junior,28,38,0.59,3,8,5,0
Pleno,31,45,0.12,12,8,1,1
Senior,31,44,0.23,10,8,2,1
Senior,31,55,0.39,5,8,1,1
Pleno,30,46,0.56,8,17,1,1
Pleno,28,58,0.36,4,7,5,0
Pleno,32,47,0.16,9,22,3,1
Junior,27,40,0.55,4,5,2,0
Pleno,30,50,0.31,2,36,3,0
Pleno,35,52,0.47,10,8,2,1
Pleno,23,45,0.22,6,2,4,0
Senior,20,56,0.15,3,14,2,0
Pleno,29,56,0.35,7,8,2,1
Pleno,28,43,0.51,2,22,3,0
Pleno,38,44,0.29,4,8,4,0
Pleno,28,57,0.42,2,9,1,1
Junior,32,43,0.33,4,9,1,0
Junior,25,42,0.19,6,20,1,1
Pleno,26,49,0.17,4,17,3,0
Junior,25,41,0.56,3,16,4,0
Junior,35,39,0.29,5,1,3,0
Junior,37,48,0.15,7,14,1,1
Pleno,32,46,0.4,5,5,2,0
Junior,28,42,0.11,3,15,3,0
Junior,31,48,0.33,1,0,4,0
Senior,27,40,0.28,5,1,5,0
Senior,31,56,0.49,8,6,2,1
Pleno,27,52,0.13,8,8,5,0
Junior,32,41,0.14,1,3,4,0
Senior,27,50,0.38,5,24,5,0
Junior,37,45,0.35,1,9,4,0
Pleno,24,41,0.45,2,9,2,0
Junior,22,44,0.12,3,0,2,0
Pleno,23,43,0.2,7,0,4,0
Junior,21,42,0.35,4,2,5,0
Senior,31,49,0.41,3,3,5,0
Pleno,38,44,0.15,3,2,2,0
Senior,25,49,0.49,6,20,3,1
Pleno,35,46,0.16,9,6,1,1
Senior,26,51,0.45,9,36,3,1
Junior,37,42,0.16,3,5,1,0
Pleno,36,44,0.46,5,16,5,0
Pleno,25,41,0.13,8,4,3,0
Pleno,33,44,0.3,6,2,3,0
Senior,36,50,0.39,2,14,3,0
Junior,32,40,0.33,7,9,1,1
Senior,29,47,0.18,5,5,4,0
Senior,32,50,0.35,2,1,1,0
Junior,22,43,0.21,8,4,4,0
Pleno,22,50,0.3,5,13,2,1
Junior,31,39,0.33,3,19,1,0
Junior,25,45,0.41,3,1,2,0
Senior,32,48,0.35,4,9,2,0
Junior,31,40,0.38,4,27,2,0
Senior,37,47,0.15,7,3,5,0
Pleno,22,43,0.41,6,14,2,1
Junior,36,40,0.3,3,9,4,0
Junior,31,42,0.31,7,7,3,0
Junior,24,39,0.1,7,2,1,0
Pleno,38,50,0.17,6,21,1,1
Junior,25,45,0.39,5,14,2,0
Junior,22,43,0.49,3,18,2,0
Pleno,28,48,0.57,5,19,2,1
Senior,38,45,0.17,3,5,2,0
Junior,34,38,0.14,3,26,4,0
Pleno,33,54,0.31,4,11,2,1
Junior,27,46,0.41,4,13,2,0
Junior,25,44,0.27,6,3,5,0
Junior,37,41,0.54,6,28,3,1
Junior,29,50,0.17,7,15,2,1
Junior,32,40,0.52,3,13,5,0
Pleno,29,41,0.34,5,32,5,0
Junior,37,41,0.47,6,4,3,0
Junior,37,61,0.17,8,10,4,1
Junior,21,40,0.34,6,3,5,0
Pleno,20,47,0.17,2,0,4,0
Pleno,29,46,0.43,0,1,2,0
Senior,25,54,0.42,6,27,2,1
Pleno,29,49,0.52,8,17,5,1
Junior,33,58,0.2,5,25,2,1
Pleno,25,48,0.52,5,8,1,1
Senior,31,50,0.24,8,16,4,1
Pleno,36,41,0.35,4,0,4,0
Pleno,32,41,0.57,6,1,3,0
Senior,27,53,0.21,10,9,3,1
Junior,21,52,0.34,7,19,2,1
Pleno,33,44,0.44,2,4,3,0
Junior,27,49,0.52,4,5,5,0
Pleno,44,46,0.37,4,21,5,0
Senior,35,47,0.22,9,4,5,0
Senior,36,46,0.46,4,11,4,0
Junior,33,41,0.56,4,10,2,0
Junior,34,44,0.4,3,3,4,0
Junior,28,41,0.51,3,5,2,0
Pleno,25,45,0.19,5,7,2,0
Senior,32,54,0.13,5,4,1,1
Junior,30,45,0.54,5,6,3,0
Junior,38,48,0.11,6,17,3,0
Senior,28,48,0.21,3,24,3,0
Junior,23,45,0.14,5,21,4,0
Pleno,24,41,0.45,2,15,2,0
Junior,41,51,0.41,9,13,1,1
Senior,31,48,0.29,5,2,3,0
Junior,28,40,0.36,6,18,5,0
Junior,28,43,0.55,7,35,3,1
Junior,40,42,0.46,2,6,3,0
Junior,35,47,0.15,4,12,2,0
Senior,36,44,0.16,2,12,2,0
Senior,38,46,0.33,3,1,1,0
Pleno,20,40,0.57,5,1,2,0
Junior,26,44,0.2,6,7,3,0
Pleno,32,40,0.45,5,7,5,0
Junior,23,42,0.41,5,3,2,0
Pleno,36,43,0.25,4,4,3,0
Junior,20,43,0.1,3,5,2,0
Pleno,37,42,0.15,3,11,3,0
Junior,36,44,0.56,8,5,2,1
Junior,32,38,0.17,2,0,1,0
Pleno,31,51,0.52,5,13,5,0
Junior,26,52,0.2,6,6,2,1
Junior,30,39,0.28,4,6,1,0
Pleno,26,43,0.15,6,18,5,0
Junior,27,45,0.22,8,11,1,1
Senior,47,56,0.12,8,10,3,1
Junior,26,42,0.48,9,36,4,1
Junior,36,39,0.26,3,5,1,0
Junior,20,49,0.44,8,19,4,1
Junior,31,41,0.42,6,9,5,0
Senior,37,43,0.1,5,35,3,0
Junior,20,50,0.38,10,7,3,1
Pleno,28,54,0.44,3,1,5,0
Pleno,25,50,0.53,6,11,2,1
Junior,28,44,0.18,6,4,3,0
Junior,24,43,0.52,4,11,1,1
Junior,47,47,0.21,9,11,2,1
Junior,30,42,0.56,4,26,1,1
Pleno,23,45,0.54,5,1,3,0
Junior,20,43,0.49,5,10,1,1
Pleno,30,43,0.3,6,23,4,0
Senior,32,46,0.41,6,2,4,0
Junior,36,45,0.47,6,7,4,0
Junior,44,39,0.4,6,15,4,0
Junior,34,42,0.37,3,2,5,0
Junior,42,40,0.27,5,3,1,0
Junior,23,38,0.45,4,14,2,0
Senior,38,45,0.37,7,1,4,0
Pleno,24,53,0.17,8,36,2,1
Pleno,24,47,0.54,3,11,5,0
Pleno,42,54,0.42,2,3,5,0
Senior,23,47,0.26,2,5,2,0
Junior,24,41,0.52,5,8,5,0
Pleno,27,43,0.48,6,26,2,1
Senior,28,42,0.22,5,10,5,0
Junior,29,43,0.54,3,1,4,0
Senior,34,44,0.4,6,0,4,0
Pleno,20,44,0.23,5,7,3,0
Junior,28,42,0.27,7,11,2,1
Senior,38,50,0.48,6,20,2,1
Junior,20,41,0.44,5,10,5,0
Junior,32,45,0.31,5,5,5,0
Junior,30,51,0.4,6,14,3,1
Senior,21,46,0.11,5,8,3,0
Junior,47,44,0.31,8,10,2,1
Junior,28,40,0.47,5,10,1,1
Senior,28,47,0.13,6,7,2,0
Junior,26,41,0.45,4,0,3,0
Pleno,33,54,0.29,7,23,1,1
Pleno,32,42,0.23,4,15,3,0
Junior,25,52,0.23,1,0,2,0
Pleno,22,48,0.48,6,14,2,1
Junior,30,53,0.58,8,10,2,1
Pleno,30,38,0.28,4,5,3,0
Pleno,24,46,0.43,2,8,2,0
Pleno,42,47,0.18,4,8,4,0
Junior,20,53,0.31,9,15,3,1
Pleno,20,45,0.25,3,0,4,0
Junior,21,39,0.12,7,3,5,0
Senior,31,50,0.15,5,6,3,0
Senior,32,47,0.26,3,22,4,0
Pleno,42,44,0.43,2,30,2,0
Junior,38,38,0.47,1,0,5,0
Pleno,26,49,0.56,6,17,2,1
Senior,33,48,0.17,8,7,5,0
Junior,30,39,0.15,6,0,4,0
Senior,32,46,0.12,6,8,3,0
Pleno,32,47,0.36,4,4,3,0
Pleno,24,41,0.5,3,7,4,0
Pleno,34,51,0.32,5,11,1,1
Pleno,30,48,0.53,5,13,5,0
Junior,39,48,0.57,6,10,3,1
Senior,45,54,0.33,4,5,4,0
Pleno,30,43,0.55,4,6,1,1
Junior,21,44,0.23,4,4,4,0
Junior,31,44,0.14,7,5,4,0
Junior,36,37,0.16,5,18,1,0
Pleno,23,48,0.28,4,32,5,0
Pleno,25,46,0.14,4,2,2,0
Senior,32,47,0.57,6,14,4,0
Junior,31,48,0.37,6,13,1,1
Senior,43,43,0.31,9,0,5,0
Pleno,31,39,0.21,7,1,3,0
Junior,39,43,0.6,5,14,4,0
Pleno,27,46,0.12,7,28,3,0
Junior,39,37,0.35,5,9,2,0
Pleno,25,50,0.45,4,1,2,0
Junior,30,41,0.45,3,9,2,0
Junior,39,38,0.15,7,11,3,0
Junior,23,47,0.19,5,1,2,0
Pleno,29,55,0.36,4,9,3,0
Senior,26,49,0.21,3,11,4,0
Pleno,22,48,0.19,5,3,2,0
Senior,27,51,0.1,2,8,3,0
Senior,25,55,0.38,2,0,4,0
Junior,23,38,0.22,4,25,5,0
Junior,32,52,0.49,4,16,2,1
Senior,28,56,0.39,6,14,4,1
Junior,25,46,0.46,6,3,3,0
Pleno,43,51,0.56,5,8,1,1
Junior,20,42,0.12,4,29,1,0
Junior,27,43,0.59,5,0,5,0
Junior,27,38,0.36,5,4,3,0
Pleno,34,42,0.52,5,3,4,0
Junior,27,44,0.45,4,36,4,0
Junior,29,49,0.18,8,22,1,1
Pleno,25,40,0.42,7,4,5,0
Junior,33,45,0.48,3,24,3,0
Junior,24,41,0.42,6,24,5,0
Junior,29,42,0.35,2,0,1,0
Pleno,32,41,0.12,2,3,2,0
Junior,28,48,0.46,5,10,1,1
Pleno,24,39,0.32,5,8,4,0
Pleno,38,46,0.39,3,11,3,0
Junior,23,55,0.59,2,11,1,1
Senior,27,44,0.31,7,2,4,0
Junior,31,43,0.3,9,1,4,0
Senior,27,41,0.37,8,11,2,1
Junior,25,41,0.54,4,9,4,0
Pleno,31,43,0.53,4,2,3,0
Senior,31,50,0.2,4,8,4,0
Pleno,26,36,0.5,3,6,5,0
Junior,30,49,0.43,9,13,4,1
Junior,24,45,0.12,4,9,5,0
Pleno,28,47,0.21,4,3,5,0
Junior,26,36,0.4,6,7,3,0
Junior,25,42,0.51,5,0,4,0
Pleno,20,37,0.58,9,3,5,0
Junior,30,53,0.57,5,10,1,1
Senior,36,45,0.25,3,1,1,0
Pleno,33,52,0.38,8,25,1,1
Junior,31,43,0.16,5,2,4,0
Senior,27,57,0.22,5,3,2,1
Senior,27,52,0.32,5,16,4,0
Pleno,28,45,0.58,2,4,4,0
Junior,31,39,0.16,3,10,1,0
Senior,38,50,0.46,3,5,2,0
Senior,37,47,0.29,4,34,4,0
Junior,31,41,0.14,4,4,1,0
Pleno,25,41,0.31,8,11,5,0
Junior,23,44,0.41,9,20,3,1
Junior,25,43,0.52,3,5,5,0
Junior,27,40,0.6,4,8,3,0
Junior,28,44,0.54,7,4,5,0
Junior,37,41,0.23,6,1,1,0
Pleno,40,50,0.48,2,3,2,0
Pleno,35,38,0.44,5,6,4,0
Senior,20,48,0.37,2,2,5,0
Senior,25,58,0.53,7,6,1,1
Senior,34,53,0.35,12,6,1,1
Junior,32,47,0.4,5,1,4,0
Pleno,33,47,0.55,7,6,2,1
Pleno,21,48,0.54,12,8,4,1
Junior,30,43,0.35,7,24,4,0
Senior,39,44,0.4,9,7,5,0
Junior,26,38,0.3,5,12,3,0
Junior,41,49,0.23,3,20,1,0
Junior,34,46,0.35,6,0,3,0
Senior,28,48,0.16,4,31,3,0
Senior,33,47,0.52,4,2,3,0
Pleno,33,56,0.23,8,7,2,1
Junior,32,54,0.43,3,15,1,1
Junior,33,44,0.54,2,17,1,0
Pleno,31,47,0.57,4,3,5,0
Pleno,24,45,0.38,4,17,5,0
Senior,20,47,0.45,5,0,3,0
Pleno,30,41,0.16,3,30,4,0
Pleno,33,45,0.15,6,7,5,0
Pleno,25,54,0.53,5,36,1,1
Pleno,25,40,0.39,7,2,3,0
Senior,21,50,0.34,4,4,2,0
Pleno,29,48,0.13,1,15,5,0
Junior,28,38,0.53,4,0,4,0
Junior,36,50,0.57,6,8,2,1
Senior,21,53,0.21,8,7,4,1
Junior,20,41,0.34,3,3,4,0
Senior,20,47,0.29,10,10,1,1
Pleno,28,51,0.55,6,8,2,1
Junior,36,43,0.36,8,16,3,1
Junior,28,46,0.49,5,5,3,0
Senior,35,41,0.36,5,2,4,0
Senior,35,48,0.15,3,3,5,0
Pleno,28,48,0.35,5,26,2,1
Junior,20,40,0.26,5,4,5,0
Senior,20,50,0.17,5,16,1,1
Senior,30,50,0.34,5,18,4,0
Senior,41,52,0.18,7,13,1,1
Pleno,36,40,0.17,3,1,4,0
Pleno,29,45,0.38,5,6,2,0
Junior,20,43,0.15,1,2,1,0
Pleno,28,50,0.35,6,3,4,0
Junior,35,38,0.29,5,3,5,0
Senior,36,53,0.36,3,9,5,0
Pleno,34,41,0.21,4,21,3,0
Senior,30,56,0.59,5,31,4,1
Junior,20,41,0.53,5,2,4,0
Senior,31,48,0.55,5,34,2,1
Pleno,26,43,0.55,4,25,5,0
Pleno,34,47,0.45,7,11,2,1
Senior,20,50,0.6,4,2,4,0
Pleno,32,50,0.29,9,23,3,1
Junior,26,44,0.43,8,9,1,1
Junior,33,40,0.14,6,4,4,0
Pleno,41,43,0.56,3,13,4,0
Junior,24,40,0.48,5,2,2,0
Junior,49,43,0.32,7,1,5,0
Senior,30,56,0.31,3,9,3,0
Junior,25,44,0.49,2,17,3,0
Junior,32,39,0.13,4,7,2,0
Pleno,34,41,0.27,7,28,4,0
Pleno,24,45,0.33,6,3,4,0
Junior,27,44,0.29,7,9,4,0
Junior,26,47,0.11,4,11,3,0
Pleno,28,42,0.13,4,2,1,0
Pleno,27,50,0.58,6,17,3,1
Senior,32,53,0.25,2,13,2,0
Junior,27,44,0.43,5,19,1,1
Junior,41,39,0.47,3,5,2,0
Junior,27,41,0.42,8,2,5,0
Pleno,27,45,0.32,3,1,5,0
Pleno,23,54,0.33,8,5,4,1
Pleno,31,47,0.14,5,20,1,1
Pleno,30,46,0.14,4,2,3,0
Pleno,20,54,0.56,6,8,5,0
Pleno,20,51,0.24,4,11,4,0
Senior,26,49,0.45,4,2,3,0
Junior,38,43,0.56,7,26,1,1
Senior,30,43,0.33,3,6,1,0
Senior,28,46,0.54,5,36,4,0
Pleno,34,39,0.14,6,9,4,0
Junior,29,52,0.47,6,8,2,1
Junior,34,50,0.32,6,16,2,1
Pleno,33,42,0.36,7,1,4,0
Pleno,20,46,0.37,7,1,5,0
Senior,27,56,0.39,4,20,1,1
Junior,23,43,0.1,6,7,1,0
Senior,32,47,0.56,4,9,5,0
Junior,21,48,0.39,4,1,2,0
Senior,33,41,0.41,3,36,1,0
Pleno,26,45,0.42,3,6,5,0
Junior,29,44,0.36,7,8,3,1
Junior,34,46,0.14,4,6,1,0
Junior,31,52,0.58,5,24,1,1
Pleno,28,51,0.16,2,19,3,0
Pleno,32,62,0.55,5,10,3,1
Pleno,28,51,0.29,4,4,4,0
Senior,31,55,0.52,10,9,5,1
Senior,27,42,0.53,6,4,4,0
Junior,30,48,0.58,11,20,5,1
Junior,28,42,0.36,5,8,3,0
Senior,32,43,0.36,3,7,5,0
Junior,28,42,0.6,3,26,3,0
Junior,31,42,0.18,3,17,1,0
Junior,29,43,0.46,5,7,1,1
Senior,22,51,0.47,1,36,4,0
Senior,33,46,0.12,7,8,1,1
Junior,34,44,0.25,1,3,3,0
Senior,25,51,0.16,6,4,3,0
Junior,32,40,0.19,6,28,2,0
Pleno,34,45,0.51,4,17,2,1
Senior,24,46,0.28,5,7,2,0
Pleno,23,49,0.39,5,21,4,0
Junior,35,50,0.46,6,7,5,0
Junior,25,41,0.45,4,9,5,0
Pleno,23,44,0.41,3,2,2,0
Pleno,20,43,0.54,4,0,2,0
Junior,22,39,0.27,2,34,3,0
Senior,20,59,0.58,5,12,1,1
Pleno,33,48,0.32,5,28,1,1
Junior,31,44,0.21,5,3,4,0
Pleno,22,41,0.17,3,19,5,0
Pleno,20,42,0.1,2,0,3,0
Junior,24,42,0.26,5,25,5,0
Junior,24,40,0.4,5,11,5,0
Senior,25,50,0.47,5,9,4,0
Pleno,27,41,0.57,5,6,3,0
Junior,28,39,0.35,3,14,2,0
Pleno,34,48,0.51,2,9,1,0
Junior,31,45,0.17,6,22,1,1
Pleno,39,54,0.45,5,30,2,1
Junior,32,42,0.4,6,14,5,0
Junior,24,45,0.53,5,20,1,1
Pleno,27,43,0.55,6,2,5,0
Senior,33,51,0.47,8,30,5,1
Junior,30,44,0.33,8,10,4,0
Junior,30,46,0.24,7,10,2,1
Pleno,35,46,0.12,1,9,5,0
Pleno,34,42,0.22,6,11,3,0
Senior,39,50,0.28,5,10,2,1
Junior,33,39,0.49,4,1,3,0
Pleno,37,36,0.54,4,1,2,0
Senior,35,49,0.34,5,15,1,1
Pleno,27,49,0.31,5,7,4,0
Pleno,31,47,0.27,7,4,1,1
Pleno,35,50,0.11,5,1,4,0
Junior,28,40,0.41,6,2,4,0
Pleno,33,46,0.16,5,9,5,0
Pleno,31,44,0.56,9,7,2,1
Senior,20,50,0.19,5,22,5,0
Junior,37,38,0.58,2,7,3,0
Pleno,27,44,0.45,2,4,4,0
Pleno,33,41,0.19,4,3,5,0
Pleno,34,46,0.33,6,9,4,0
Pleno,28,44,0.33,2,3,4,0
Pleno,34,44,0.13,6,1,5,0
Pleno,23,43,0.58,6,0,3,0
Junior,27,52,0.49,7,21,4,1
Senior,36,47,0.43,4,2,3,0
Junior,20,41,0.17,4,2,5,0
Senior,38,47,0.33,2,10,3,0
Junior,38,50,0.42,9,16,4,1
Junior,26,41,0.51,11,5,4,1
Pleno,29,45,0.5,6,3,4,0
Senior,20,50,0.11,6,8,1,1
Junior,34,39,0.42,4,14,4,0
Senior,28,47,0.56,8,8,4,1
Pleno,32,50,0.46,7,13,4,1
Senior,25,41,0.32,6,7,1,1
Junior,27,42,0.57,7,1,4,0
Senior,25,56,0.5,8,17,3,1
Pleno,34,53,0.36,2,3,1,0
Junior,32,42,0.36,7,0,5,0
Pleno,22,46,0.49,3,5,5,0
Pleno,25,48,0.22,6,20,4,0
Pleno,34,40,0.18,4,3,5,0
Pleno,38,45,0.13,1,8,3,0
Junior,32,43,0.23,7,3,5,0
Senior,35,47,0.49,4,0,2,0
Senior,20,39,0.58,4,25,5,0
Junior,20,42,0.35,3,2,5,0
Pleno,27,45,0.47,2,10,5,0
Pleno,30,42,0.46,3,6,5,0
Junior,24,41,0.44,5,7,1,1
Pleno,28,50,0.39,5,24,4,0
Pleno,31,45,0.32,3,6,1,0
Pleno,31,45,0.41,1,23,4,0
Pleno,25,54,0.39,7,30,3,1
Pleno,34,45,0.56,6,19,3,1
Pleno,20,35,0.5,4,1,4,0
Pleno,33,45,0.47,3,2,1,0
Senior,23,44,0.3,2,12,3,0
Junior,28,46,0.11,3,16,1,0
Pleno,25,46,0.44,2,16,1,0
Junior,25,41,0.39,3,20,1,0
Pleno,29,49,0.34,5,2,5,0
Pleno,30,37,0.54,2,2,3,0
Senior,27,48,0.26,6,2,3,0
Junior,29,39,0.55,5,0,2,0
Senior,30,41,0.5,4,24,2,0
Pleno,41,47,0.26,9,2,5,0
Junior,24,56,0.6,5,15,2,1
Junior,33,48,0.14,9,32,1,1
Junior,31,48,0.17,8,25,2,1
Junior,29,52,0.18,5,36,1,1
Pleno,39,41,0.4,4,2,2,0
Junior,29,43,0.21,3,10,4,0
Senior,37,56,0.58,5,8,3,1
Pleno,30,41,0.56,5,6,2,0
Junior,28,43,0.1,5,1,1,0
Junior,30,39,0.47,6,0,5,0
Pleno,39,44,0.47,1,11,4,0
Junior,21,45,0.13,12,9,5,1
Senior,31,57,0.44,8,9,5,1
Pleno,20,50,0.37,7,5,3,1
Pleno,20,42,0.47,1,36,4,0
Junior,24,46,0.45,6,16,1,1
Junior,27,40,0.42,3,5,3,0
Senior,33,51,0.54,2,9,1,1
Pleno,30,46,0.55,5,32,5,0
Senior,28,46,0.47,4,4,1,1
Senior,34,49,0.19,7,11,2,1
Junior,37,40,0.16,3,7,2,0
Pleno,29,43,0.55,4,15,5,0
Junior,34,44,0.16,7,2,5,0
Pleno,22,45,0.3,7,36,5,0
Senior,35,49,0.11,6,18,1,1
Junior,27,41,0.59,2,1,1,0
Pleno,29,43,0.38,5,7,3,0
Pleno,39,37,0.46,3,36,2,0
Senior,27,59,0.21,5,14,4,0
Pleno,29,47,0.36,6,29,5,0
Senior,25,51,0.46,6,24,1,1
Senior,30,53,0.47,2,1,4,0
Pleno,34,40,0.57,3,4,1,0
Junior,28,40,0.35,1,0,5,0
Junior,31,43,0.35,3,4,1,0
Pleno,35,49,0.38,3,3,5,0
Junior,21,40,0.36,2,15,1,0
Junior,26,43,0.14,3,3,3,0
Pleno,34,41,0.24,6,7,4,0
Junior,34,38,0.19,1,1,2,0
Pleno,39,45,0.5,9,9,2,1
Pleno,20,39,0.14,3,4,4,0
Junior,27,49,0.57,8,7,3,1
Pleno,38,39,0.52,1,14,3,0
Junior,24,40,0.43,2,31,4,0
Junior,40,48,0.5,10,13,5,1
Pleno,27,51,0.49,7,8,4,1
Pleno,42,42,0.12,2,14,3,0
Senior,34,49,0.24,6,3,4,0
Junior,25,46,0.25,3,6,4,0
Pleno,28,56,0.11,7,12,2,1
Junior,30,38,0.55,4,0,4,0
Pleno,30,51,0.44,6,11,2,1
Junior,31,44,0.3,1,7,3,0
Junior,23,43,0.35,7,3,3,0
Pleno,36,48,0.4,5,2,3,0
Junior,35,47,0.48,5,9,4,0
Junior,22,42,0.34,9,36,5,0
Senior,24,51,0.33,4,9,1,1
Senior,27,58,0.34,7,19,1,1
Senior,21,50,0.12,1,3,4,0
Junior,26,45,0.35,9,16,1,1
Junior,31,44,0.52,6,11,3,1
Pleno,25,44,0.51,3,35,4,0
Pleno,38,45,0.37,4,12,2,0
Pleno,23,50,0.44,7,11,1,1
Junior,20,41,0.58,5,6,3,0
Pleno,30,40,0.34,3,3,4,0
Pleno,31,40,0.2,3,3,3,0
Junior,21,42,0.39,8,14,3,1
Pleno,31,38,0.13,2,0,2,0
Junior,34,41,0.16,10,5,2,1
Pleno,21,45,0.47,11,4,3,1
Senior,40,47,0.29,10,12,4,1
Junior,34,47,0.27,5,28,1,1
Junior,25,39,0.56,3,28,3,0
Pleno,36,41,0.57,10,19,4,1
Pleno,29,44,0.5,3,1,1,0
Pleno,22,47,0.21,6,14,1,1
Junior,34,40,0.41,4,0,5,0
Pleno,26,44,0.32,5,13,4,0
Senior,29,47,0.43,7,11,2,1
Junior,28,39,0.49,5,13,5,0
Senior,37,50,0.23,4,12,3,0
Junior,26,39,0.6,5,0,4,0
Senior,25,46,0.17,5,14,1,1
Senior,33,49,0.5,1,3,5,0
Junior,40,41,0.37,6,8,1,1
Pleno,32,41,0.55,3,15,4,0
Junior,30,41,0.31,3,0,4,0
Junior,34,49,0.29,6,36,2,1
Junior,20,39,0.26,4,0,5,0
Junior,29,42,0.24,5,19,4,0
Senior,25,49,0.44,6,4,5,0
Pleno,26,47,0.25,1,12,3,0
Senior,40,41,0.33,4,2,5,0
Pleno,23,55,0.17,8,36,4,1
Junior,24,47,0.49,10,9,4,1
Junior,31,40,0.53,5,18,5,0
Pleno,32,41,0.14,8,28,5,0
Junior,31,38,0.54,4,20,2,0
Junior,33,44,0.28,6,7,4,0
Junior,22,39,0.58,7,8,1,1
Pleno,26,43,0.42,6,1,4,0
Senior,20,45,0.26,5,0,3,0
Junior,36,39,0.12,3,0,1,0
Senior,25,55,0.2,5,1,5,0
Pleno,35,42,0.18,1,12,1,0
Junior,39,44,0.59,4,31,2,1
Senior,35,39,0.33,4,29,3,0
Junior,29,41,0.18,4,27,3,0
Pleno,23,46,0.6,6,31,1,1
Pleno,23,44,0.37,7,9,2,1
Junior,34,41,0.15,5,9,3,0
Pleno,37,41,0.52,8,36,1,1
Pleno,39,51,0.52,6,12,1,1
Junior,22,40,0.22,5,5,3,0
Senior,22,48,0.2,4,20,4,0
Senior,34,50,0.18,8,3,1,1
Pleno,36,42,0.24,2,8,4,0
Pleno,36,41,0.23,4,6,1,0
Junior,30,41,0.5,6,11,4,0
Junior,26,48,0.33,5,7,1,1
Pleno,20,38,0.44,4,1,1,0
Junior,31,47,0.57,10,36,3,1
Pleno,33,48,0.56,6,0,5,0
Junior,30,41,0.12,6,16,3,0
Senior,38,42,0.25,2,1,4,0
Junior,20,47,0.47,8,9,1,1
Senior,27,41,0.53,4,2,1,0
Junior,27,44,0.49,5,22,5,0
Senior,27,53,0.34,9,8,1,1
Senior,28,47,0.29,7,30,2,1
Pleno,33,59,0.58,6,10,3,1
Junior,36,45,0.59,7,26,4,1
Junior,35,44,0.14,1,9,2,0
Junior,37,41,0.46,4,4,1,0
Pleno,35,40,0.11,8,26,5,0
Pleno,27,47,0.41,10,10,4,1
Senior,20,52,0.18,5,16,1,1
Junior,39,42,0.22,1,0,1,0
Senior,23,47,0.13,4,4,5,0
Junior,31,44,0.16,8,17,5,0
Senior,27,58,0.28,6,25,2,1
Senior,32,53,0.16,2,9,4,0
Junior,33,50,0.33,1,26,2,0
Senior,21,55,0.58,6,15,4,1
Pleno,23,53,0.1,5,22,1,1
Senior,31,49,0.51,2,5,3,0
Senior,44,46,0.34,4,0,2,0
Junior,23,43,0.21,6,11,1,1
Junior,41,46,0.21,3,10,1,0
Pleno,35,44,0.2,6,10,3,0
Pleno,23,46,0.39,2,11,1,0
Senior,23,42,0.46,3,2,3,0
Junior,27,38,0.42,5,2,3,0
Junior,33,43,0.19,9,12,1,1
Junior,39,54,0.46,6,13,2,1
Pleno,29,45,0.23,2,5,4,0
Pleno,35,46,0.32,6,0,4,0
Senior,37,47,0.32,6,5,4,0
Pleno,28,49,0.18,11,18,2,1
Senior,30,43,0.58,7,8,4,1
Senior,25,42,0.59,8,23,1,1
Junior,33,48,0.1,7,26,2,1
Junior,26,38,0.14,7,1,1,0
Junior,39,46,0.4,5,11,5,0
Junior,27,49,0.12,7,14,1,1
Senior,38,44,0.16,9,10,5,0
Junior,24,45,0.57,7,19,5,0
Pleno,37,49,0.27,5,36,2,1
Senior,35,44,0.11,8,2,4,0
Pleno,29,53,0.52,4,28,1,1
Junior,22,43,0.53,8,36,3,1
Junior,38,49,0.55,6,21,1,1
Junior,30,42,0.19,7,0,4,0
Senior,28,46,0.47,4,18,4,0
Pleno,34,45,0.22,4,0,2,0
Senior,41,45,0.12,3,22,4,0
Pleno,26,42,0.41,6,18,1,1
Senior,28,50,0.45,4,36,5,0
Pleno,35,39,0.51,3,36,4,0
Senior,32,52,0.48,1,1,4,0
Junior,26,44,0.4,4,1,1,0
Junior,29,38,0.56,4,0,4,0
Pleno,38,36,0.44,10,4,2,1
Senior,40,54,0.14,5,14,2,1
Junior,28,42,0.11,6,4,5,0
Pleno,30,45,0.52,2,7,3,0
Pleno,37,45,0.3,3,5,1,0
Junior,28,41,0.47,4,1,4,0
Senior,33,49,0.3,4,21,2,0
Junior,30,40,0.17,5,0,3,0
Senior,33,48,0.23,9,21,2,1
Junior,20,41,0.4,9,7,1,1
Pleno,30,49,0.46,2,5,2,0
Junior,37,42,0.2,4,3,4,0
Junior,35,44,0.32,7,18,2,1
Junior,33,42,0.14,3,7,1,0
Junior,24,45,0.24,7,9,2,1
Senior,29,41,0.56,5,5,5,0
Junior,24,48,0.6,10,35,4,1
Pleno,37,41,0.32,0,8,4,0
Junior,29,42,0.12,3,3,3,0
Junior,31,42,0.28,4,29,3,0
Senior,24,54,0.49,7,8,4,1
Junior,34,44,0.49,6,3,1,1
Pleno,32,44,0.14,7,24,3,0
Senior,31,41,0.52,7,4,5,0
Junior,30,40,0.21,6,9,2,0
Junior,25,48,0.54,10,9,3,1
Pleno,40,41,0.42,5,36,3,0
Junior,20,40,0.59,5,6,4,0
Senior,33,52,0.59,1,18,4,0
Junior,29,53,0.25,9,8,3,1
Pleno,35,47,0.21,4,7,3,0
Junior,35,39,0.38,4,10,4,0
Junior,40,40,0.45,3,8,3,0
Junior,26,44,0.48,2,2,4,0
Junior,38,47,0.41,8,23,1,1
Pleno,30,42,0.3,8,0,5,0
Pleno,39,46,0.46,9,28,4,1
Senior,24,65,0.17,4,5,2,1
Pleno,28,43,0.41,2,0,2,0
Senior,35,42,0.45,8,5,4,0
Pleno,28,52,0.4,9,7,5,1
Pleno,26,52,0.43,10,24,3,1
Pleno,27,44,0.31,5,1,5,0
Junior,39,46,0.25,6,4,5,0
Pleno,28,45,0.18,3,36,1,0
Senior,25,43,0.32,3,36,2,0
Junior,29,39,0.42,6,0,2,0
Pleno,36,42,0.23,6,15,5,0
Junior,35,42,0.22,6,15,5,0
Junior,34,45,0.36,5,4,4,0
Junior,20,41,0.18,6,2,2,0
Junior,26,48,0.11,3,8,1,0
Pleno,30,44,0.31,7,5,4,0
Junior,26,46,0.17,3,7,1,0
Junior,42,55,0.34,7,11,2,1
Junior,20,37,0.6,4,14,3,0
Junior,26,43,0.35,7,7,2,1
Senior,30,56,0.59,5,23,3,1
Junior,20,43,0.25,2,14,3,0
Senior,32,37,0.36,10,12,5,0
Pleno,36,41,0.26,3,14,4,0
Pleno,33,46,0.28,4,10,5,0
Pleno,41,43,0.38,4,6,5,0
Senior,39,50,0.37,5,12,1,1
Pleno,30,45,0.32,9,6,4,1
Junior,25,44,0.58,6,6,4,0
Junior,28,42,0.28,9,17,5,0
Pleno,34,45,0.54,7,10,3,1
Pleno,24,44,0.22,2,0,5,0
Junior,22,40,0.28,4,1,4,0
Senior,29,54,0.46,7,36,4,1
Pleno,22,42,0.58,5,15,1,1
Pleno,20,45,0.47,7,10,1,1
Pleno,32,48,0.49,5,23,1,1
Pleno,20,38,0.56,3,24,4,0
Junior,30,42,0.52,3,29,1,1
Junior,24,42,0.36,7,20,5,0
Junior,32,40,0.38,5,12,5,0
Junior,35,45,0.14,4,5,4,0
Pleno,32,41,0.27,8,6,2,1
Junior,36,38,0.59,6,9,3,0
Junior,32,42,0.29,6,10,4,0
Senior,32,50,0.35,6,9,1,1
Pleno,29,42,0.55,3,1,4,0
Junior,27,42,0.28,6,18,3,0
Senior,33,54,0.49,3,7,5,0
Senior,34,55,0.11,6,17,1,1
Junior,25,41,0.58,3,4,3,0
Senior,22,42,0.36,4,10,2,0
Junior,36,37,0.4,5,14,2,0
Pleno,22,40,0.35,2,23,1,0
Junior,27,46,0.23,8,9,2,1
Junior,22,45,0.25,4,13,1,0
Junior,40,38,0.18,6,30,5,0
Pleno,27,48,0.37,12,15,3,1
Junior,25,45,0.16,8,15,2,1
Junior,27,43,0.49,5,3,4,0
Pleno,26,48,0.22,8,7,5,0
Pleno,35,49,0.25,3,4,3,0
Pleno,25,45,0.13,5,6,4,0
Senior,27,47,0.3,3,0,2,0
Junior,21,41,0.31,2,10,4,0
Pleno,28,45,0.2,3,17,5,0
Pleno,29,45,0.37,7,18,1,1
Junior,20,44,0.47,3,1,3,0
Junior,23,40,0.29,3,12,3,0
Pleno,37,44,0.38,1,2,3,0
Junior,25,47,0.33,6,9,1,1
Pleno,31,38,0.13,5,3,2,0
Pleno,25,47,0.34,5,13,1,1
Senior,39,48,0.55,8,36,2,1
Junior,22,47,0.54,3,1,4,0
Pleno,25,39,0.33,2,10,4,0
Senior,29,49,0.47,4,3,4,0
Pleno,31,50,0.2,6,3,4,0
Pleno,26,45,0.34,2,0,5,0
Senior,28,53,0.39,1,12,2,0
Junior,35,40,0.16,3,9,3,0
Junior,20,39,0.17,7,9,4,0
Senior,26,44,0.17,8,23,1,1
Pleno,37,49,0.3,3,2,3,0
Junior,22,41,0.4,9,5,5,0
Senior,32,54,0.27,4,11,1,1
Junior,21,50,0.33,2,15,1,0
Senior,27,60,0.32,5,8,2,1
Junior,21,48,0.27,6,26,5,0
Pleno,29,50,0.21,4,20,5,0
Pleno,28,42,0.58,0,2,4,0
Pleno,33,44,0.49,5,3,3,0
Junior,34,47,0.53,5,4,1,1
Junior,35,36,0.49,2,3,4,0
Pleno,30,37,0.28,2,11,1,0
Senior,34,46,0.41,9,17,4,1
Senior,35,47,0.14,5,4,2,0
Pleno,31,42,0.39,6,23,4,0
Junior,25,47,0.51,5,31,1,1
Pleno,47,46,0.55,3,4,2,0
Pleno,41,42,0.19,4,2,1,0
Junior,26,42,0.32,9,12,2,1
Pleno,30,39,0.15,5,12,1,0
Pleno,22,46,0.41,11,4,3,1
Junior,30,46,0.18,5,10,5,0
Junior,20,46,0.57,4,7,3,0
Junior,20,41,0.34,7,14,4,0
Pleno,32,45,0.53,6,11,3,1
Pleno,31,38,0.19,5,16,3,0
Junior,42,43,0.32,5,0,4,0
Junior,31,37,0.24,3,0,4,0
Senior,30,36,0.58,5,5,3,0
Junior,20,51,0.11,4,8,1,0
Pleno,26,35,0.18,4,21,1,0
Pleno,31,39,0.54,3,2,2,0
Pleno,33,42,0.37,6,7,2,1
Pleno,35,46,0.2,5,36,3,0
Junior,25,44,0.2,5,4,3,0
Junior,30,40,0.18,3,36,4,0
Junior,25,47,0.2,4,0,5,0
Junior,31,48,0.3,9,3,5,0
Junior,27,39,0.24,8,8,5,0
Senior,33,48,0.59,4,7,1,1
Pleno,38,52,0.27,6,8,1,1
Pleno,20,42,0.21,2,28,4,0
Junior,25,43,0.54,5,19,4,0
Junior,35,41,0.48,5,20,4,0
Senior,26,51,0.11,8,7,5,0
Junior,27,37,0.47,6,35,5,0
Pleno,32,48,0.43,8,8,5,0
Senior,25,50,0.22,6,16,1,1
Junior,41,45,0.55,6,7,2,1
Junior,33,52,0.57,3,7,1,1
Senior,29,45,0.19,0,20,1,0
Junior,24,42,0.21,6,7,3,0
Junior,20,41,0.31,7,1,3,0
Junior,26,37,0.26,7,13,1,1
Senior,26,49,0.35,4,36,5,0
Pleno,31,49,0.12,8,28,4,0
Pleno,28,45,0.5,4,36,2,1
Pleno,33,42,0.4,4,7,1,0
Senior,35,56,0.42,8,3,2,1
Pleno,22,47,0.33,8,9,2,1
Junior,20,49,0.6,9,24,1,1
Pleno,29,49,0.13,3,18,1,0
Pleno,25,48,0.44,2,1,4,0
Pleno,27,50,0.17,6,1,5,0
Junior,24,40,0.21,8,7,1,1
Junior,32,37,0.33,2,4,5,0
Pleno,34,53,0.41,7,12,3,1
Pleno,30,37,0.27,4,7,3,0
Pleno,32,45,0.52,4,0,3,0
Pleno,31,45,0.23,4,5,4,0
Pleno,31,46,0.22,7,19,1,1
Junior,31,40,0.26,6,5,4,0
Junior,26,40,0.21,3,2,2,0
Pleno,21,41,0.17,6,8,2,0
Senior,28,48,0.6,7,7,3,1
Junior,39,47,0.54,1,36,4,0
Pleno,30,40,0.47,6,8,2,1
Senior,43,47,0.36,9,36,3,1
Senior,24,43,0.25,9,17,5,0
Pleno,25,44,0.2,2,2,4,0
Senior,37,55,0.42,4,3,2,1
Junior,22,54,0.12,5,2,3,0
Junior,27,42,0.1,5,2,5,0
Pleno,22,45,0.17,6,13,5,0
Pleno,31,51,0.24,6,8,4,0
Pleno,31,47,0.49,7,7,1,1
Junior,40,42,0.1,5,10,3,0
Junior,31,39,0.53,8,33,1,1
Junior,20,43,0.56,4,15,1,1
Pleno,32,49,0.18,5,9,2,0
Senior,32,45,0.2,2,1,3,0
Senior,26,47,0.17,5,8,2,0
Pleno,20,46,0.26,5,1,3,0
Pleno,36,51,0.25,6,7,4,0
Pleno,25,51,0.28,8,12,1,1
Pleno,29,47,0.43,6,9,1,1
Junior,22,37,0.2,5,4,2,0
Pleno,37,48,0.23,6,12,3,0
Pleno,45,50,0.21,6,2,4,0
Junior,30,40,0.46,4,0,5,0
Junior,28,49,0.27,3,9,2,0
Junior,28,45,0.51,9,22,4,1
Pleno,22,50,0.37,5,20,2,1
Junior,34,42,0.17,2,13,2,0
Junior,32,44,0.44,6,20,3,0
Junior,28,43,0.56,6,5,2,1
Junior,26,46,0.37,4,0,1,0
Junior,30,51,0.44,4,28,1,1
Pleno,34,40,0.34,6,12,3,0
Senior,36,53,0.56,7,36,5,1
Pleno,29,46,0.14,4,13,2,0
Junior,27,42,0.54,5,9,4,0
Senior,35,49,0.45,4,6,5,0
Junior,30,44,0.34,8,24,5,0
Junior,21,41,0.47,3,13,2,0
Junior,28,38,0.1,6,18,2,0
Junior,20,44,0.12,5,6,4,0
Senior,28,52,0.17,9,5,3,1
Junior,21,57,0.32,4,3,2,1
Junior,36,47,0.54,7,17,2,1
Junior,37,38,0.49,4,3,3,0
Junior,30,45,0.53,9,18,2,1
Pleno,42,40,0.27,7,8,4,0
Senior,26,50,0.14,6,2,4,0
Junior,21,42,0.27,7,6,1,1
Pleno,24,45,0.5,5,0,3,0
Pleno,35,51,0.2,3,21,5,0
Pleno,23,48,0.18,4,2,1,0
Junior,37,46,0.25,8,23,1,1
Pleno,20,50,0.42,1,14,4,0
Pleno,20,54,0.45,9,34,1,1
Senior,26,50,0.45,1,36,4,0
Pleno,28,40,0.44,4,0,3,0
Junior,20,44,0.17,3,10,4,0
Senior,23,46,0.43,5,29,5,0
Pleno,21,46,0.36,6,16,2,1
Junior,28,49,0.51,7,1,5,0
Junior,35,43,0.42,4,1,2,0
Junior,31,39,0.46,4,5,2,0
Pleno,31,45,0.39,8,36,5,0
Junior,31,44,0.19,3,5,4,0
Senior,24,48,0.57,5,33,1,1
Junior,38,40,0.56,4,8,2,0
Senior,28,46,0.55,2,9,2,0
Junior,35,40,0.51,3,1,1,0
Pleno,24,45,0.21,3,2,4,0
Junior,29,40,0.31,6,8,5,0
Senior,38,49,0.19,3,1,5,0
Junior,25,41,0.54,6,0,3,0
Senior,33,43,0.17,5,2,5,0
Pleno,26,48,0.23,7,8,2,1
Pleno,35,44,0.26,0,15,4,0
Pleno,25,46,0.53,6,10,1,1
Pleno,29,51,0.3,10,10,4,1
Junior,29,40,0.21,6,36,1,1
Junior,23,38,0.51,3,1,3,0
Junior,31,40,0.37,2,7,1,0
Senior,20,56,0.48,5,17,1,1
Pleno,32,49,0.56,2,13,4,0
Junior,36,42,0.6,4,2,4,0
Junior,27,40,0.41,1,10,2,0
Pleno,25,40,0.36,4,5,1,0
Junior,37,42,0.14,5,7,4,0
Senior,31,47,0.5,1,15,2,0
Pleno,32,47,0.43,7,26,3,1
Pleno,23,47,0.56,7,21,3,1
Pleno,30,46,0.58,3,2,3,0
Junior,26,39,0.11,6,14,1,0
Junior,34,48,0.51,4,9,4,0
Senior,26,41,0.19,4,9,1,0
Pleno,31,48,0.13,5,4,2,0
Junior,26,42,0.55,4,9,3,0
Junior,31,41,0.48,3,21,4,0
Senior,28,47,0.13,4,28,5,0
Pleno,31,54,0.16,8,31,1,1
Pleno,24,41,0.45,4,6,3,0
Pleno,28,42,0.53,4,12,4,0
Junior,37,51,0.32,7,28,3,1
Pleno,41,49,0.38,4,24,2,1
Pleno,32,56,0.47,7,29,5,1
Senior,35,50,0.47,9,24,2,1
Junior,31,45,0.5,8,18,1,1
Junior,34,39,0.31,4,6,3,0
Junior,27,38,0.13,2,11,2,0
Senior,30,52,0.19,1,8,1,0
Pleno,37,47,0.2,6,11,5,0
Junior,23,38,0.18,4,36,2,0
Senior,26,51,0.54,5,6,4,0
Pleno,32,45,0.59,6,9,1,1
Pleno,37,52,0.21,6,8,4,0
Junior,37,43,0.29,7,19,1,1
Pleno,39,44,0.23,8,6,4,0
Junior,29,42,0.4,3,14,4,0
Junior,35,37,0.49,6,1,4,0
Pleno,32,52,0.38,4,10,1,1
Senior,27,47,0.34,3,3,3,0
Pleno,25,49,0.17,5,10,1,1
Pleno,31,41,0.25,4,10,3,0
Pleno,27,46,0.6,1,1,2,0
Pleno,37,44,0.13,2,5,1,0
Junior,26,40,0.27,2,8,2,0
Pleno,25,47,0.21,6,8,5,0
Senior,38,47,0.23,3,0,1,0
Pleno,30,48,0.3,3,3,1,0
Senior,30,48,0.4,4,32,2,1
Senior,23,54,0.24,6,31,2,1
Senior,37,44,0.4,4,12,3,0
Pleno,31,47,0.18,7,5,4,0
Junior,40,46,0.3,5,4,5,0
Junior,21,43,0.11,9,7,5,0
Pleno,28,52,0.29,4,0,3,0
Senior,23,52,0.48,6,1,5,0
Junior,28,48,0.29,7,8,4,0
Pleno,27,42,0.11,4,36,5,0
Pleno,29,50,0.55,6,16,4,1
Senior,29,47,0.17,3,7,3,0
Pleno,40,49,0.12,6,13,5,0
Senior,28,46,0.5,8,10,3,1
Junior,39,44,0.44,3,3,5,0
Senior,32,51,0.33,2,11,2,0
Pleno,27,41,0.58,7,8,5,0
Senior,20,39,0.55,4,0,2,0
Junior,28,40,0.11,6,11,3,0
Senior,27,44,0.59,4,0,5,0
Junior,27,43,0.28,0,2,1,0
Senior,36,49,0.33,4,7,5,0
Pleno,35,45,0.34,6,1,3,0
Junior,29,39,0.23,4,17,2,0
Pleno,27,44,0.37,2,33,2,0
Senior,30,52,0.36,4,4,5,0
Junior,26,41,0.21,9,13,4,0
Pleno,20,43,0.28,5,7,5,0
Junior,32,41,0.53,7,2,4,0
Pleno,44,50,0.36,2,10,4,0
Junior,24,36,0.15,3,2,1,0
Pleno,24,45,0.19,9,7,5,0
Junior,20,37,0.53,3,29,4,0
Junior,28,43,0.49,5,17,4,0
Pleno,30,44,0.58,4,2,2,0
Pleno,34,43,0.39,6,21,2,1
Pleno,30,46,0.57,4,7,1,1
Junior,28,41,0.23,3,6,1,0
Junior,27,46,0.47,1,3,2,0
Senior,36,54,0.48,5,7,2,1
Junior,40,41,0.5,4,19,5,0
Pleno,26,41,0.3,4,0,3,0
Junior,28,43,0.2,5,19,3,0
Pleno,34,48,0.24,2,4,5,0
Senior,31,42,0.51,6,3,4,0
Pleno,42,48,0.15,2,6,2,0
Junior,31,44,0.26,7,4,5,0
Junior,33,43,0.49,4,5,3,0
Pleno,30,50,0.4,6,22,2,1
Pleno,33,54,0.59,9,11,2,1
Pleno,28,57,0.49,5,18,1,1
Junior,24,47,0.17,5,20,3,0
Pleno,33,39,0.48,4,7,2,0
Pleno,33,48,0.17,3,7,1,0
Pleno,20,46,0.19,3,23,1,0
Junior,35,43,0.34,3,8,3,0
Junior,34,40,0.14,6,2,2,0
Pleno,20,54,0.3,6,2,4,0
Pleno,28,50,0.46,5,2,5,0
Junior,34,49,0.49,8,19,3,1
Junior,28,48,0.59,7,4,3,1
Pleno,28,46,0.38,3,3,1,0
Junior,28,50,0.5,5,19,1,1
Junior,29,41,0.49,6,4,5,0
Pleno,44,36,0.47,2,5,2,0
Junior,32,47,0.18,6,4,4,0
Pleno,30,42,0.23,1,17,2,0
Pleno,28,43,0.4,6,0,5,0
Junior,26,40,0.34,7,11,5,0
Pleno,28,46,0.46,8,5,1,1
Pleno,32,52,0.15,4,3,2,0
Pleno,26,43,0.39,7,6,4,0
Junior,30,40,0.45,3,3,4,0
Pleno,31,45,0.17,5,2,4,0
Senior,24,51,0.1,9,23,1,1
Pleno,24,37,0.2,6,5,3,0
Junior,21,51,0.45,6,5,4,0
Pleno,27,44,0.12,4,28,1,0
Senior,27,49,0.26,4,15,5,0
Senior,28,43,0.45,5,11,5,0
Junior,36,40,0.31,8,4,4,0
Pleno,32,42,0.34,7,3,5,0
Senior,31,51,0.59,4,5,3,0
Junior,32,47,0.44,4,18,1,1
Junior,22,38,0.28,4,1,4,0
Junior,26,40,0.17,6,5,4,0
Pleno,35,47,0.3,4,10,3,0
Pleno,29,39,0.51,6,0,3,0
Pleno,28,53,0.52,3,25,2,1
Senior,35,50,0.42,4,6,3,0
Junior,28,51,0.25,5,35,2,1
Junior,27,39,0.52,4,0,5,0
Pleno,28,49,0.59,8,8,4,1
Junior,24,43,0.4,4,2,1,0
Junior,33,47,0.46,5,26,1,1
Junior,34,45,0.12,6,4,3,0
Pleno,29,42,0.48,3,0,4,0
Junior,31,41,0.23,0,10,3,0
Junior,26,45,0.31,9,10,1,1
Pleno,26,42,0.41,5,34,2,1
Pleno,22,38,0.14,5,2,3,0
Pleno,29,47,0.59,8,8,2,1
Pleno,24,45,0.42,5,5,5,0
Junior,24,52,0.17,6,2,5,0
Junior,26,43,0.26,5,11,4,0
Junior,38,46,0.4,8,8,3,1
Pleno,33,45,0.42,6,13,2,1
Senior,35,49,0.55,5,24,2,1
Junior,35,37,0.27,3,0,4,0
Pleno,20,42,0.14,6,6,2,0
Pleno,33,51,0.37,10,8,5,1
Pleno,36,51,0.36,8,9,4,1
Pleno,34,41,0.26,5,0,5,0
Pleno,25,48,0.31,5,7,4,0
Senior,29,48,0.34,7,18,1,1
Pleno,25,56,0.23,7,6,1,1
Pleno,31,44,0.56,5,12,5,0
Junior,32,42,0.41,5,7,2,0
Senior,28,47,0.49,5,0,3,0
Junior,24,43,0.34,5,6,3,0
Pleno,29,42,0.41,8,6,3,1
Pleno,25,46,0.3,4,8,4,0
Pleno,31,48,0.5,4,20,3,0
Pleno,28,45,0.52,7,10,1,1
Senior,25,50,0.21,11,11,2,1
Pleno,24,40,0.26,7,10,1,1
Junior,34,46,0.54,11,4,5,1
Pleno,35,48,0.13,4,18,4,0
Junior,31,39,0.53,5,4,4,0
Pleno,27,55,0.48,4,36,2,1
Junior,31,40,0.32,3,6,2,0
Junior,37,46,0.54,4,9,1,1
Junior,34,37,0.25,5,1,3,0
Pleno,35,50,0.21,3,12,3,0
Senior,25,41,0.26,5,3,2,0
Senior,25,42,0.33,8,3,5,0
Pleno,20,53,0.53,5,23,1,1
Pleno,20,50,0.48,5,9,2,1
Pleno,29,41,0.12,4,11,5,0
Pleno,28,40,0.26,5,0,2,0
Pleno,32,43,0.44,1,2,5,0
Senior,27,50,0.1,3,14,2,0
Senior,33,46,0.31,3,3,4,0
Junior,22,44,0.1,3,10,1,0
Pleno,25,42,0.2,4,12,1,0
Senior,27,44,0.51,5,11,4,0
Pleno,23,39,0.58,2,8,4,0
Pleno,34,50,0.16,1,9,1,0
Junior,30,38,0.13,8,13,2,0
Junior,30,46,0.55,6,20,2,1
Junior,34,39,0.52,5,3,3,0
Pleno,27,41,0.42,8,25,5,0
Junior,20,41,0.52,4,6,2,0
Junior,34,39,0.49,5,2,3,0
Junior,32,49,0.29,3,12,5,0
Senior,33,53,0.28,5,28,2,1
Senior,36,48,0.18,6,6,4,0
Pleno,31,40,0.54,5,16,5,0
Junior,24,38,0.32,8,18,4,0
Junior,22,42,0.54,7,7,5,0
Junior,25,41,0.38,3,8,4,0
Pleno,34,54,0.48,6,8,1,1
Pleno,26,49,0.15,6,23,5,0
Pleno,38,42,0.33,6,0,5,0
Junior,24,39,0.14,7,4,3,0
Pleno,31,52,0.23,6,18,1,1
Senior,35,57,0.32,7,7,3,1
Pleno,25,48,0.39,1,6,2,0
Junior,30,46,0.36,4,9,1,1
Junior,22,43,0.28,2,21,3,0
Junior,33,42,0.39,13,16,5,1
Pleno,34,42,0.23,6,24,1,1
Senior,32,57,0.21,4,5,1,1
Junior,40,40,0.42,6,36,5,0
Senior,20,51,0.25,2,10,1,0
Junior,31,43,0.35,4,2,4,0
Senior,33,40,0.24,3,4,2,0
Pleno,23,39,0.4,3,18,4,0
Junior,36,41,0.42,5,36,2,0
Pleno,36,51,0.23,5,27,2,1
Pleno,29,44,0.31,3,4,2,0
Junior,43,49,0.12,7,8,2,1
Junior,28,42,0.2,7,14,4,0
Pleno,40,49,0.15,5,17,5,0
Pleno,24,44,0.15,5,6,4,0
Senior,36,57,0.28,8,14,2,1
Junior,20,48,0.12,7,5,5,0
Junior,25,40,0.54,1,10,2,0
Junior,34,48,0.11,6,8,2,0
Junior,35,42,0.14,3,29,4,0
Senior,42,46,0.22,5,15,5,0
Senior,31,52,0.35,7,0,4,0
Pleno,26,45,0.31,5,13,5,0
Pleno,33,44,0.58,4,9,1,1
Pleno,37,41,0.5,1,4,3,0
Senior,32,45,0.15,6,18,3,0
Junior,30,40,0.42,3,13,2,0
Junior,35,42,0.24,7,10,4,0
Pleno,30,50,0.33,6,12,2,1
Junior,26,43,0.45,4,0,4,0
Pleno,38,44,0.48,3,19,2,0
Junior,23,39,0.47,6,3,5,0
Junior,32,39,0.13,4,8,4,0
Senior,38,49,0.55,6,36,1,1
Pleno,27,48,0.18,4,2,2,0
Pleno,33,48,0.57,8,3,3,1
Pleno,26,45,0.5,6,8,1,1
Pleno,37,38,0.47,4,11,2,0
Pleno,24,42,0.49,7,8,5,0
Senior,30,44,0.13,6,4,2,0
Junior,33,41,0.19,6,2,4,0
Junior,37,48,0.48,4,9,3,0
Junior,20,44,0.39,4,26,1,1
Pleno,29,49,0.45,4,11,5,0
Senior,33,41,0.41,4,22,3,0
Junior,32,41,0.56,7,9,5,0
Junior,32,40,0.54,4,3,4,0
Pleno,29,50,0.39,4,5,5,0
Senior,27,53,0.37,4,17,3,0
Junior,31,41,0.51,5,2,3,0
Junior,20,39,0.54,5,19,3,0
Pleno,20,43,0.14,2,5,5,0
Pleno,25,39,0.52,1,5,3,0
Senior,37,60,0.28,5,36,1,1
Junior,24,44,0.21,5,22,4,0
Pleno,30,45,0.51,3,1,3,0
Junior,25,42,0.23,6,4,5,0
Junior,29,44,0.4,4,4,3,0
Junior,25,54,0.41,4,13,1,1
Pleno,37,37,0.43,4,2,4,0
Junior,35,43,0.36,6,2,2,0
Pleno,38,42,0.55,1,3,1,0
Junior,33,37,0.46,6,5,2,0
Junior,29,49,0.27,7,20,1,1
Pleno,27,54,0.23,5,7,2,1
Senior,27,49,0.27,11,28,1,1
Junior,22,39,0.4,7,4,4,0
Pleno,20,41,0.26,3,4,3,0
Pleno,33,44,0.22,4,27,2,0
Junior,26,45,0.38,9,11,1,1
Junior,31,42,0.48,10,9,1,1
Pleno,31,46,0.19,7,14,5,0
Pleno,35,39,0.59,6,6,4,0
Junior,31,45,0.38,3,16,1,0
Junior,34,47,0.56,8,24,1,1
Junior,20,43,0.56,5,36,5,0
Junior,22,39,0.25,4,5,3,0
Junior,36,52,0.36,6,11,2,1
Junior,29,40,0.38,3,1,5,0
Pleno,27,44,0.57,4,1,3,0
Pleno,32,49,0.26,3,2,1,0
Junior,40,40,0.18,6,1,1,0
Junior,30,44,0.56,8,9,2,1
Pleno,20,50,0.31,8,3,5,0
Junior,25,45,0.6,5,30,2,1
Junior,28,46,0.32,3,16,4,0
Junior,36,47,0.57,6,13,1,1
Junior,33,49,0.25,7,16,2,1
Junior,37,38,0.57,4,2,5,0
Junior,27,44,0.14,6,5,4,0
Junior,33,42,0.22,2,9,4,0
Senior,40,56,0.44,1,3,3,0
Junior,28,39,0.5,3,6,2,0
Junior,31,45,0.15,4,13,3,0
Pleno,35,47,0.17,4,3,1,0
Pleno,33,47,0.36,5,7,4,0
Junior,28,41,0.25,6,6,3,0
Pleno,37,45,0.28,9,3,3,1
Senior,31,54,0.21,6,9,1,1
Senior,22,42,0.49,6,2,3,0
Pleno,21,45,0.12,3,4,1,0
Pleno,30,45,0.46,3,25,3,0
Junior,24,36,0.58,4,11,4,0
Senior,26,62,0.19,6,15,2,1
Junior,20,53,0.34,10,4,1,1
Pleno,29,49,0.26,2,0,4,0
Senior,29,48,0.16,8,9,5,0
Junior,22,36,0.6,2,8,2,0
Pleno,30,51,0.35,6,28,5,0
Junior,28,45,0.45,0,1,3,0
Pleno,36,43,0.53,3,6,1,0
Junior,26,42,0.43,7,17,2,1
Junior,33,45,0.41,10,13,5,1
Junior,29,43,0.12,7,14,1,1
Pleno,29,45,0.11,11,11,3,1
Junior,31,45,0.4,7,9,1,1
Junior,33,41,0.49,1,2,2,0
Junior,35,46,0.25,4,11,4,0
Pleno,31,45,0.28,6,7,3,0
Junior,28,40,0.12,3,1,2,0
Junior,26,39,0.26,7,16,4,0
Senior,25,46,0.31,1,10,4,0
Junior,32,54,0.35,4,2,5,0
Pleno,23,47,0.59,3,1,3,0
Senior,36,54,0.18,4,23,5,0
Junior,30,51,0.44,5,9,2,1
Pleno,31,47,0.28,6,5,3,0
Pleno,20,41,0.33,3,28,4,0
Senior,24,49,0.59,6,23,5,0
Junior,22,42,0.4,4,7,2,0
Junior,25,41,0.14,2,21,1,0
Senior,24,50,0.46,8,8,1,1
Pleno,28,43,0.34,7,5,1,1
Junior,27,43,0.31,9,20,3,1
Junior,27,46,0.19,7,12,2,1
Junior,34,37,0.12,5,1,1,0
Senior,27,50,0.26,7,8,4,0
Pleno,22,50,0.41,8,12,1,1
Pleno,32,41,0.19,3,27,2,0
Junior,27,48,0.19,10,26,2,1
Senior,25,42,0.17,3,11,2,0
Junior,20,43,0.55,6,27,2,1
Junior,26,43,0.11,1,11,2,0
Pleno,22,45,0.36,1,0,4,0
Senior,28,51,0.43,8,30,3,1
Pleno,33,49,0.46,5,13,1,1
Pleno,30,50,0.26,4,11,5,0
Pleno,36,52,0.36,2,4,5,0
Senior,32,46,0.59,9,26,1,1
Pleno,29,44,0.11,9,7,1,1
Senior,32,51,0.52,5,16,3,1
Pleno,21,47,0.33,11,9,5,1
Pleno,30,42,0.27,2,4,1,0
Pleno,27,44,0.47,4,9,4,0
Junior,30,48,0.26,11,7,4,1
Junior,38,39,0.11,4,5,4,0
Junior,36,45,0.17,5,7,1,0
Pleno,33,50,0.13,4,9,4,0
Junior,27,50,0.28,6,10,1,1
Junior,37,54,0.42,9,11,1,1
Junior,20,42,0.39,4,0,5,0
Pleno,25,42,0.55,5,14,5,0
Junior,29,40,0.43,7,5,3,0
Pleno,27,47,0.39,6,1,3,0
Junior,22,43,0.13,8,9,3,0
Junior,25,42,0.49,1,6,2,0
Pleno,29,41,0.31,3,1,2,0
Junior,25,42,0.55,5,22,5,0
Senior,27,61,0.57,4,8,1,1
Junior,34,50,0.31,5,12,1,1
Pleno,29,49,0.14,8,36,4,1
Junior,25,48,0.49,4,36,3,1
Pleno,21,47,0.51,7,18,4,1
Junior,35,37,0.34,2,15,3,0
Pleno,34,45,0.5,5,36,1,1
Pleno,40,38,0.14,5,2,5,0
Senior,24,39,0.38,2,3,3,0
Pleno,23,44,0.27,7,9,1,1
Senior,31,57,0.13,7,22,5,0
Pleno,33,39,0.49,4,0,3,0
Pleno,25,41,0.3,10,0,5,0
Pleno,38,51,0.27,5,8,1,1
Junior,31,40,0.51,3,14,4,0
Junior,27,40,0.12,4,4,4,0
Senior,31,48,0.3,6,3,4,0
Pleno,23,46,0.31,5,1,5,0
Senior,23,50,0.55,4,36,5,0
Senior,23,46,0.31,5,0,2,0
Pleno,27,65,0.6,6,13,5,1
Pleno,35,54,0.55,8,12,5,1
Pleno,31,42,0.36,5,0,5,0
Senior,28,48,0.37,1,26,5,0
Pleno,29,55,0.56,10,6,1,1
Pleno,30,53,0.15,5,20,1,1
Pleno,27,40,0.35,5,25,4,0
Pleno,20,49,0.59,6,11,1,1
Pleno,28,46,0.16,6,6,4,0
Pleno,36,59,0.49,5,5,2,1
Junior,26,40,0.29,4,5,2,0
Junior,27,38,0.18,6,8,2,0
Junior,27,46,0.41,8,7,5,0
Junior,43,45,0.57,6,3,4,0
Senior,34,43,0.57,5,16,5,0
Senior,28,52,0.58,5,0,4,0
Pleno,32,43,0.58,5,11,1,1
Senior,28,55,0.46,4,9,5,0
Pleno,25,41,0.48,2,0,3,0
Senior,32,43,0.25,8,0,4,0
Junior,39,42,0.54,7,22,3,1
Senior,31,50,0.52,5,0,4,0
Senior,24,50,0.31,2,7,2,0
Senior,33,52,0.11,8,9,1,1
Pleno,37,53,0.12,1,7,4,0
Junior,32,53,0.46,3,11,4,0
Junior,33,44,0.16,3,13,2,0
Pleno,22,57,0.36,3,9,1,1
Junior,26,46,0.5,1,13,1,0
Pleno,28,48,0.59,8,12,2,1
Senior,30,45,0.12,5,12,3,0
Pleno,28,47,0.56,6,15,2,1
Pleno,20,43,0.39,3,7,3,0
Senior,34,44,0.55,5,8,4,0
Senior,29,47,0.56,5,25,4,0
Pleno,23,47,0.45,7,18,2,1
Junior,32,39,0.29,1,2,2,0
Junior,40,51,0.22,5,23,1,1
Senior,32,51,0.22,0,5,2,0
Senior,23,54,0.32,11,10,1,1
Junior,28,42,0.16,2,7,5,0
Senior,24,56,0.24,11,33,1,1
Pleno,20,42,0.17,5,0,1,0
Pleno,30,52,0.3,7,8,2,1
Pleno,25,54,0.49,2,11,1,1
Junior,43,44,0.2,3,31,3,0
Junior,31,38,0.3,5,3,2,0
Pleno,23,49,0.45,7,15,2,1
Junior,28,41,0.37,5,3,1,0
Pleno,20,45,0.48,6,22,1,1
Pleno,32,55,0.52,7,21,2,1
Senior,36,56,0.57,2,10,1,1
Senior,25,53,0.34,3,25,1,1
Junior,20,44,0.39,4,4,4,0
Junior,37,45,0.23,6,7,3,0
Senior,20,51,0.59,6,15,1,1
Pleno,37,43,0.35,5,16,1,1
Junior,28,49,0.4,3,5,2,0
Senior,40,53,0.5,3,1,3,0
Senior,21,48,0.25,4,25,5,0
Pleno,23,41,0.44,4,1,5,0
Junior,31,43,0.25,6,3,3,0
Junior,24,49,0.45,6,13,2,1
Pleno,33,47,0.28,6,11,4,0
Junior,28,38,0.23,1,12,4,0
Junior,27,45,0.44,5,2,4,0
Pleno,36,42,0.47,7,4,5,0
Junior,35,42,0.54,6,9,3,0
Pleno,22,39,0.21,8,15,5,0
Senior,34,54,0.41,8,6,2,1
Pleno,20,37,0.6,4,0,3,0
Pleno,23,45,0.44,5,0,4,0
Pleno,34,55,0.48,2,36,2,1
Pleno,30,46,0.49,5,4,1,1
Pleno,31,55,0.32,9,22,1,1
Junior,22,41,0.18,4,0,2,0
Pleno,32,39,0.29,5,3,1,0
Junior,40,39,0.44,5,2,3,0
Junior,29,42,0.12,7,18,1,1
Pleno,44,43,0.39,4,3,2,0
Senior,32,52,0.55,10,4,2,1
Pleno,30,48,0.34,5,5,5,0
Junior,33,41,0.28,5,10,5,0
Junior,22,39,0.14,6,11,4,0
Pleno,28,45,0.28,2,5,2,0
Pleno,26,43,0.27,4,1,4,0
Pleno,24,61,0.5,8,35,1,1
Pleno,30,46,0.54,3,1,2,0
Junior,26,49,0.28,7,6,4,0
Senior,20,48,0.49,5,17,1,1
Junior,23,42,0.5,5,4,4,0
Pleno,31,44,0.44,6,7,1,1
Pleno,28,55,0.4,8,21,3,1
Pleno,29,45,0.12,6,13,1,1
Junior,39,40,0.27,2,28,3,0
Junior,29,40,0.35,5,6,1,0
Junior,29,48,0.16,6,7,4,0
Junior,20,44,0.55,6,32,1,1
Junior,35,38,0.49,8,11,4,0
Senior,32,52,0.46,9,4,4,1
Pleno,27,53,0.4,4,8,4,0
Pleno,31,47,0.13,6,1,5,0
Junior,38,46,0.5,5,8,3,0
Junior,25,41,0.41,2,2,2,0
Pleno,28,51,0.11,3,13,1,0
Pleno,34,43,0.41,6,14,5,0
Pleno,31,45,0.11,6,0,5,0
Pleno,32,47,0.49,1,16,5,0
Pleno,29,42,0.25,4,0,1,0
Junior,20,37,0.56,9,11,3,1
Pleno,40,54,0.36,6,24,2,1
Junior,28,48,0.48,6,32,2,1
Junior,42,44,0.15,10,22,1,1
Pleno,26,45,0.55,2,3,5,0
Junior,30,42,0.44,4,1,1,0
Pleno,34,47,0.33,4,3,3,0
Pleno,41,43,0.33,4,14,4,0
Junior,24,39,0.21,6,1,2,0
Pleno,21,54,0.11,6,25,2,1
Pleno,41,43,0.51,3,1,5,0
Junior,33,41,0.44,2,4,1,0
Pleno,32,51,0.23,2,13,4,0
Pleno,38,40,0.45,2,4,2,0
Senior,32,49,0.28,5,19,1,1
Junior,31,38,0.33,5,6,5,0
Junior,28,41,0.54,3,36,2,0
Senior,20,53,0.45,7,9,2,1
Junior,35,40,0.45,2,30,3,0
Junior,34,43,0.37,5,2,3,0
Junior,35,40,0.56,6,34,5,0
Senior,24,39,0.17,5,16,2,0
Junior,24,50,0.4,4,36,2,1
Junior,36,43,0.5,6,15,5,0
Junior,33,42,0.34,2,25,3,0
Junior,31,37,0.17,2,29,4,0
Pleno,31,41,0.44,1,7,2,0
Pleno,21,44,0.53,6,1,4,0
Pleno,32,40,0.38,8,4,4,0
Senior,34,55,0.58,2,0,3,0
Pleno,20,50,0.49,4,13,4,0
Junior,20,40,0.51,7,5,5,0
Pleno,34,42,0.51,3,5,5,0
Pleno,20,46,0.12,7,9,1,1
Senior,36,44,0.46,4,27,3,0
Junior,20,48,0.42,4,12,5,0
Pleno,24,45,0.17,5,1,5,0
Junior,27,41,0.34,3,12,2,0
Pleno,25,50,0.52,4,10,4,0
Pleno,26,47,0.3,4,0,4,0
Pleno,24,40,0.27,6,2,4,0
Pleno,24,40,0.18,4,30,3,0
Senior,35,55,0.58,8,32,1,1
Junior,36,38,0.13,7,5,3,0
Junior,26,41,0.54,5,4,5,0
Junior,33,47,0.45,6,15,1,1
Junior,22,40,0.24,7,0,2,0
Pleno,23,44,0.32,4,25,3,0
Pleno,25,43,0.44,6,18,1,1
Junior,25,40,0.2,9,12,5,0
Pleno,36,45,0.35,5,15,4,0
Pleno,20,37,0.15,3,2,4,0
Pleno,38,42,0.15,7,35,3,0
Pleno,29,47,0.13,2,1,3,0
Pleno,24,43,0.35,5,11,3,0
Senior,28,42,0.17,6,1,5,0
Pleno,30,41,0.12,5,2,3,0
Senior,34,43,0.14,2,6,3,0
Pleno,27,45,0.58,6,13,2,1
Pleno,24,47,0.14,6,0,2,0
Junior,31,42,0.31,6,5,5,0
Junior,29,40,0.42,10,15,3,1
Junior,30,47,0.19,10,13,4,1
Junior,29,38,0.13,6,6,2,0
Senior,26,53,0.42,6,9,3,1
Senior,32,56,0.47,5,8,3,1
Pleno,20,52,0.13,3,25,1,0
Junior,37,43,0.4,4,15,3,0
Pleno,34,46,0.42,5,36,4,0
Senior,29,49,0.38,6,6,2,1
Pleno,20,49,0.49,2,1,1,0
Senior,26,47,0.16,3,6,4,0
Junior,20,41,0.19,2,14,3,0
Senior,38,49,0.44,4,12,1,1
Senior,28,53,0.27,4,2,5,0
Junior,26,48,0.35,9,10,2,1
Senior,24,48,0.5,5,6,1,1
Pleno,20,54,0.42,6,17,1,1
Junior,39,40,0.28,2,6,2,0
Pleno,30,45,0.17,4,18,1,0
Pleno,21,41,0.32,5,9,2,0
Senior,22,43,0.12,6,27,4,0
Junior,32,38,0.27,3,0,1,0
Pleno,31,44,0.35,7,12,1,1
Pleno,22,45,0.13,4,27,3,0
Junior,21,47,0.48,2,0,4,0
Junior,21,43,0.52,3,10,2,0
Pleno,26,44,0.29,3,4,4,0
Junior,30,46,0.33,3,4,1,0
Junior,27,42,0.31,4,7,2,0
Pleno,31,40,0.18,8,0,3,0
Pleno,31,46,0.52,4,33,1,1
Junior,32,41,0.53,7,8,5,0
Junior,30,50,0.37,7,8,3,1
Pleno,38,48,0.51,7,36,1,1
Senior,34,39,0.13,6,6,3,0
Pleno,26,42,0.18,10,3,4,0
Pleno,29,45,0.53,6,0,4,0
Pleno,40,45,0.6,7,5,3,1
Pleno,33,40,0.34,6,0,5,0
Pleno,28,49,0.19,6,19,5,0
Pleno,22,50,0.51,3,10,1,1
Junior,28,41,0.4,7,3,3,0
Junior,20,45,0.46,6,16,2,1
Junior,29,51,0.56,5,1,4,0
Junior,35,40,0.2,1,0,5,0
Junior,21,53,0.35,10,23,5,1
Pleno,36,53,0.59,6,36,2,1
Pleno,21,45,0.58,3,5,2,0
Pleno,38,52,0.11,4,8,5,0
Junior,37,44,0.46,6,9,2,1
Pleno,29,40,0.33,6,22,5,0
Pleno,28,48,0.3,6,35,5,0
Pleno,38,48,0.36,5,7,4,0
Senior,20,46,0.36,4,6,2,0
Pleno,42,55,0.13,5,33,2,1
Pleno,39,44,0.52,7,8,2,1
Pleno,31,41,0.23,5,1,3,0
Senior,22,46,0.52,7,10,2,1
Senior,27,38,0.26,2,3,4,0
Junior,26,39,0.54,3,6,5,0
Pleno,24,39,0.48,4,35,3,0
Pleno,31,50,0.6,7,18,1,1
Junior,30,43,0.28,4,3,3,0
Pleno,25,56,0.48,4,8,2,1
Pleno,28,46,0.56,4,0,5,0
Senior,39,54,0.55,5,6,1,1
Junior,26,40,0.35,3,27,3,0
Junior,29,46,0.56,7,11,1,1
Senior,36,51,0.38,8,36,4,1
Junior,40,45,0.14,1,8,1,0
Junior,33,48,0.48,2,0,5,0
Junior,22,48,0.28,9,9,2,1
Junior,38,44,0.47,8,14,3,1
Pleno,32,52,0.27,6,25,5,0
Pleno,31,42,0.17,6,24,5,0
Pleno,42,40,0.37,4,24,1,0
Junior,32,37,0.22,3,5,4,0
Pleno,24,45,0.27,4,4,3,0
Senior,32,48,0.33,10,27,1,1
Senior,28,57,0.41,8,8,1,1
Pleno,33,47,0.12,2,3,5,0
Junior,24,38,0.1,3,1,3,0
Pleno,31,50,0.35,8,9,1,1
Junior,34,38,0.19,4,0,3,0
Senior,29,42,0.35,6,22,2,1
Pleno,31,46,0.11,4,2,4,0
Pleno,29,42,0.26,5,14,4,0
Senior,29,51,0.51,4,10,5,0
Junior,27,44,0.32,3,10,1,0
Junior,22,37,0.48,6,20,5,0
Junior,23,39,0.31,8,6,1,1
Pleno,22,43,0.23,7,3,3,0
Pleno,30,43,0.51,4,18,5,0
Pleno,30,38,0.53,5,2,5,0
Pleno,33,50,0.47,6,31,1,1
Senior,34,48,0.35,5,1,4,0
Senior,40,49,0.27,4,4,4,0
Junior,26,46,0.18,3,18,5,0
Junior,35,38,0.58,4,8,5,0
Pleno,38,41,0.18,4,31,2,0
Junior,29,41,0.54,2,4,5,0
Junior,26,50,0.36,6,7,2,1
Junior,30,45,0.15,3,3,1,0
Senior,36,44,0.6,3,3,4,0
Pleno,20,39,0.57,3,7,1,0
Pleno,29,46,0.49,4,26,5,0
Pleno,26,47,0.47,6,14,1,1
Junior,20,39,0.18,7,2,5,0
Junior,45,40,0.29,5,13,2,0
Senior,38,46,0.28,3,0,5,0
Pleno,29,39,0.16,6,17,3,0
Junior,32,50,0.52,5,16,2,1
Junior,27,40,0.49,8,6,1,1
Senior,41,44,0.22,9,20,1,1
Pleno,27,39,0.27,4,3,5,0
Junior,34,39,0.38,6,4,5,0
Junior,34,43,0.17,5,2,3,0
Junior,30,51,0.57,9,7,2,1
Pleno,29,50,0.23,6,12,1,1
Junior,20,43,0.36,10,34,5,1
Junior,36,48,0.46,5,32,2,1
Junior,30,43,0.24,6,6,5,0
Senior,35,52,0.41,4,8,1,1
Junior,31,45,0.3,2,16,3,0
Junior,45,50,0.3,8,11,3,1
Pleno,35,48,0.26,9,36,2,1
Senior,23,53,0.23,9,10,2,1
Pleno,24,50,0.32,7,6,4,0
Junior,27,48,0.25,7,11,2,1
Junior,31,47,0.17,6,7,5,0
Junior,23,40,0.56,5,0,5,0
Junior,32,39,0.45,4,13,2,0
Junior,28,42,0.34,6,9,1,1
Senior,25,60,0.56,9,17,2,1
Senior,36,52,0.33,6,20,2,1
Pleno,33,38,0.27,6,1,3,0
Pleno,46,40,0.28,10,1,5,0
Senior,39,38,0.36,3,36,4,0
Senior,28,46,0.56,3,4,2,0
Pleno,27,45,0.43,3,0,4,0
Pleno,25,49,0.35,3,12,2,0
Junior,22,41,0.46,9,7,5,0
Junior,32,43,0.45,5,5,5,0
Senior,30,49,0.29,7,13,4,0
Junior,21,50,0.17,7,9,2,1
Senior,36,53,0.32,3,3,4,0
Pleno,21,51,0.26,3,2,2,0
Pleno,27,42,0.24,8,5,4,0
Pleno,21,48,0.44,5,4,3,0
Pleno,33,48,0.47,5,2,5,0
Senior,27,53,0.33,5,1,5,0
Pleno,42,54,0.5,4,22,2,1
Pleno,31,43,0.54,5,2,4,0
Junior,26,44,0.57,6,15,1,1
Pleno,27,43,0.24,2,5,1,0
Pleno,39,51,0.58,6,23,3,1
Junior,20,46,0.33,7,12,5,0
Senior,25,50,0.49,6,17,1,1
Pleno,29,43,0.39,4,13,5,0
Pleno,28,49,0.33,6,8,4,0
Senior,24,46,0.19,3,18,1,0
Junior,35,46,0.44,5,1,4,0
Junior,29,43,0.25,5,6,2,0
Junior,29,39,0.31,7,7,3,0
Pleno,35,55,0.13,6,18,2,1
Junior,28,44,0.49,3,2,2,0
Junior,31,42,0.54,3,0,2,0
Junior,21,42,0.42,6,15,4,0
Junior,30,46,0.58,6,14,2,1
Pleno,27,45,0.18,5,36,4,0
Junior,29,41,0.46,7,1,4,0
Junior,36,43,0.59,6,36,1,1
Pleno,38,41,0.29,5,9,4,0
Pleno,32,43,0.21,6,8,1,1
Pleno,39,48,0.4,8,15,3,1
Junior,31,40,0.19,6,20,2,0
Pleno,31,42,0.1,2,3,3,0
Pleno,26,52,0.11,6,20,1,1
Senior,30,51,0.2,3,6,1,0
Pleno,20,45,0.2,7,12,4,0
Pleno,32,40,0.16,3,4,3,0
Pleno,31,38,0.55,5,4,4,0
Pleno,27,42,0.3,4,18,4,0
Junior,48,41,0.21,5,8,2,0
Pleno,31,52,0.18,3,14,2,0
Pleno,46,46,0.49,4,21,4,0
Pleno,28,44,0.47,4,28,1,1
Pleno,38,48,0.41,7,10,1,1
Senior,28,49,0.53,5,0,3,0
Junior,24,43,0.26,9,36,1,1
Pleno,43,50,0.27,7,15,1,1
Senior,36,47,0.5,2,2,1,0
Senior,33,46,0.37,3,2,2,0
Senior,30,48,0.11,2,2,2,0
Pleno,24,46,0.4,8,3,5,0
Pleno,21,51,0.13,10,36,5,1
Pleno,24,45,0.18,2,20,1,0
Pleno,28,41,0.18,5,1,4,0
Junior,43,51,0.28,3,0,3,0
Pleno,26,45,0.57,3,35,4,0
Pleno,28,40,0.4,3,5,5,0
Pleno,35,49,0.55,4,3,5,0
Senior,31,48,0.33,5,35,2,1
Senior,32,43,0.19,4,0,5,0
Junior,22,44,0.4,7,3,5,0
Pleno,24,45,0.25,3,2,1,0
Pleno,28,43,0.1,6,3,1,0
Junior,36,40,0.58,5,3,2,0
Junior,27,51,0.23,8,20,3,1
Junior,29,46,0.16,3,35,5,0
Junior,23,48,0.42,3,4,4,0
Pleno,44,46,0.15,2,16,5,0
Senior,24,45,0.29,5,6,3,0
Pleno,30,58,0.16,4,12,1,1
Junior,37,47,0.27,7,7,3,0
Pleno,24,38,0.18,2,26,2,0
Senior,26,41,0.26,3,14,5,0
Junior,26,46,0.44,3,2,4,0
Junior,43,40,0.13,6,21,5,0
Pleno,20,43,0.28,3,7,1,0
Pleno,38,38,0.36,6,1,2,0
Junior,34,38,0.19,8,2,3,0
Junior,23,40,0.6,6,27,5,0
Junior,34,44,0.53,2,9,4,0
Junior,31,44,0.28,2,9,5,0
Junior,31,43,0.44,4,1,4,0
Junior,32,40,0.53,4,20,5,0
Junior,39,48,0.4,5,36,1,1
Junior,33,42,0.31,8,22,1,1
Junior,24,39,0.2,3,6,4,0
Pleno,37,44,0.29,5,1,3,0
Junior,34,42,0.19,7,7,2,0
Pleno,31,46,0.34,8,1,4,0
Junior,36,40,0.16,8,7,5,0
Pleno,29,41,0.48,7,9,2,1
Pleno,29,51,0.45,3,29,4,0
Senior,30,49,0.13,5,1,3,0
Senior,21,41,0.16,8,20,3,0
Junior,31,43,0.46,6,14,2,1
Pleno,37,48,0.27,7,0,5,0
Pleno,30,44,0.26,4,6,3,0
Senior,32,46,0.25,8,0,4,0
Senior,28,56,0.36,4,1,3,0
Pleno,22,42,0.31,1,15,2,0
Junior,42,41,0.19,2,12,4,0
Senior,35,47,0.5,5,6,3,0
Junior,39,49,0.2,3,16,1,0
Senior,36,47,0.43,3,9,4,0
Junior,31,46,0.39,5,0,5,0
Junior,20,50,0.1,3,17,2,0
Junior,28,44,0.51,2,26,5,0
Junior,27,45,0.19,4,11,4,0
Pleno,33,49,0.23,4,20,4,0
Pleno,22,42,0.1,7,19,4,0
Junior,34,44,0.34,4,34,5,0
Junior,28,41,0.27,1,11,1,0
Pleno,29,51,0.39,8,5,1,1
Pleno,31,41,0.33,2,5,5,0
Pleno,36,47,0.26,4,9,3,0
Junior,32,45,0.28,5,10,4,0
Pleno,35,49,0.47,6,15,5,0
Pleno,30,49,0.28,8,12,5,0
Junior,38,54,0.53,7,12,3,1
Junior,32,35,0.12,5,3,4,0
Junior,20,46,0.57,2,1,2,0
Pleno,27,50,0.43,5,27,2,1
Senior,30,51,0.13,4,8,1,0
Junior,39,46,0.43,6,9,1,1
Pleno,28,43,0.59,3,24,3,0
Junior,29,41,0.16,8,4,3,0
Pleno,29,48,0.19,1,8,2,0
Junior,36,39,0.16,3,11,1,0
Pleno,43,40,0.49,3,25,1,0
Junior,20,41,0.36,4,25,4,0
Pleno,20,42,0.32,9,6,5,0
Junior,26,47,0.31,5,6,1,1
Junior,36,40,0.5,6,8,5,0
Junior,35,41,0.46,6,24,3,0
Junior,32,51,0.59,5,10,1,1
Pleno,31,41,0.33,4,5,5,0
Junior,31,45,0.26,4,1,3,0
Junior,26,40,0.21,2,2,3,0
Junior,36,53,0.3,5,10,1,1
Senior,40,45,0.35,6,6,5,0
Pleno,36,53,0.3,9,3,1,1
Junior,36,41,0.42,2,30,4,0
Junior,24,44,0.15,5,2,5,0
Pleno,20,49,0.36,7,20,5,0
Junior,27,49,0.46,10,10,1,1
Senior,23,50,0.47,5,5,5,0
Senior,24,61,0.12,7,11,1,1
Junior,20,45,0.42,3,13,4,0
Junior,38,50,0.21,3,14,5,0
Junior,33,41,0.11,5,12,2,0
Pleno,33,47,0.12,9,7,2,1
Pleno,36,40,0.44,3,13,4,0
Junior,34,42,0.21,5,5,2,0
Junior,38,39,0.12,2,0,5,0
Junior,34,42,0.41,2,4,4,0
Junior,21,40,0.3,5,5,2,0
Junior,36,47,0.38,3,10,3,0
Pleno,33,48,0.38,2,3,4,0
Senior,22,57,0.53,5,20,1,1
Junior,27,47,0.17,3,35,2,0
Pleno,32,40,0.22,3,0,1,0
Junior,29,44,0.51,2,3,5,0
Junior,25,43,0.55,2,2,3,0
Pleno,34,39,0.46,1,2,3,0
Junior,40,50,0.11,12,19,4,1
Pleno,23,46,0.53,4,2,3,0
Pleno,25,41,0.41,4,10,2,0
Senior,23,48,0.56,4,0,4,0
Pleno,24,45,0.14,4,5,5,0
Junior,20,41,0.15,4,2,5,0
Pleno,35,39,0.13,3,20,4,0
Pleno,25,46,0.16,4,24,2,0
Junior,31,42,0.57,1,5,5,0
Junior,30,41,0.59,3,1,3,0
Pleno,20,51,0.44,2,0,5,0
Junior,36,45,0.13,4,11,4,0
Pleno,25,45,0.33,9,11,3,1
Pleno,38,43,0.5,3,11,3,0
Pleno,31,38,0.15,9,36,4,0
Senior,27,47,0.1,4,6,2,0
Senior,21,51,0.12,3,2,1,0
Pleno,34,50,0.52,6,24,4,1
Pleno,20,46,0.4,2,2,2,0
Junior,28,41,0.58,5,9,5,0
Junior,29,42,0.54,6,2,5,0
Senior,26,65,0.57,5,10,4,1
Pleno,30,43,0.51,4,6,5,0
Junior,23,41,0.59,6,15,3,0
Senior,38,50,0.27,5,8,1,1
Junior,28,41,0.43,1,11,4,0
Pleno,29,43,0.24,3,3,5,0
Junior,30,38,0.27,6,10,4,0
Pleno,29,48,0.1,6,10,2,0
Junior,36,46,0.36,10,8,5,1
Junior,32,37,0.26,5,22,1,0
Junior,30,42,0.21,5,2,5,0
Pleno,25,37,0.38,4,16,1,0
Junior,31,42,0.55,5,3,4,0
Pleno,32,56,0.26,7,30,1,1
Junior,20,49,0.41,3,2,5,0
Pleno,29,42,0.12,4,1,1,0
Junior,34,50,0.21,7,26,2,1
Junior,31,47,0.41,2,18,4,0
Junior,25,42,0.23,4,0,4,0
Junior,29,39,0.36,2,11,5,0
Senior,29,43,0.16,7,0,2,0
Junior,35,42,0.57,5,2,3,0
Pleno,20,47,0.58,7,4,3,1
Junior,30,44,0.1,2,36,5,0
Senior,20,55,0.5,6,8,5,0
Junior,28,37,0.6,4,2,4,0
Senior,24,45,0.37,2,0,2,0
Junior,29,50,0.44,7,11,1,1
Pleno,32,44,0.13,2,0,5,0
Junior,32,39,0.14,8,11,3,0
Junior,35,46,0.4,4,36,1,1
Pleno,33,55,0.46,6,14,4,1
Pleno,37,44,0.14,7,0,2,0
Senior,36,43,0.37,3,6,5,0
Pleno,34,53,0.54,5,7,1,1
Junior,32,42,0.13,3,11,5,0
Pleno,31,53,0.12,8,7,2,1
Pleno,44,54,0.56,7,18,1,1
Junior,35,40,0.39,4,26,5,0
Senior,25,56,0.2,5,18,2,1
Junior,20,54,0.16,7,6,2,1
Pleno,27,43,0.42,3,36,2,0
Pleno,37,47,0.54,5,4,5,0
Junior,38,45,0.16,6,0,4,0
Senior,36,50,0.34,5,24,3,0
Pleno,37,42,0.53,1,12,1,0
Pleno,28,51,0.31,6,4,1,1
Pleno,20,41,0.47,6,17,3,0
Senior,41,40,0.23,4,2,2,0
Pleno,28,45,0.12,4,8,3,0
Pleno,28,45,0.58,4,4,5,0
Pleno,25,44,0.5,4,11,4,0
Junior,32,43,0.48,5,0,4,0
Junior,24,40,0.25,5,7,5,0
Pleno,21,43,0.57,8,1,5,0
Pleno,29,48,0.32,5,2,4,0
Pleno,25,48,0.2,4,7,1,0
Junior,33,45,0.38,3,11,3,0
Junior,28,42,0.17,10,5,5,0
Junior,35,47,0.46,7,21,1,1
Pleno,22,43,0.55,8,14,4,1
Pleno,30,48,0.23,10,25,2,1
Pleno,35,47,0.25,8,5,3,1
Pleno,25,51,0.53,8,20,5,1
Pleno,38,48,0.18,4,2,4,0
Pleno,33,49,0.53,4,18,3,0
Pleno,36,41,0.14,5,1,4,0
Junior,28,39,0.32,6,1,5,0
Pleno,20,42,0.11,3,1,5,0
Senior,20,46,0.16,1,3,3,0
Junior,32,42,0.43,5,0,3,0
Junior,31,40,0.47,3,8,1,0
Junior,36,40,0.2,4,0,1,0
Junior,33,48,0.38,8,14,2,1
Pleno,33,45,0.34,5,4,3,0
Pleno,33,45,0.13,8,9,5,0
Senior,32,47,0.13,7,11,4,0
Junior,30,46,0.43,6,4,4,0
Junior,27,46,0.33,5,7,1,1
Senior,25,47,0.52,9,19,1,1
Senior,28,42,0.47,2,31,1,0
Pleno,40,42,0.22,7,1,3,0
Pleno,37,41,0.48,5,2,4,0
Pleno,33,50,0.18,4,15,3,0
Junior,37,43,0.33,6,2,5,0
Pleno,34,43,0.56,4,0,2,0
Pleno,29,43,0.16,3,1,1,0
Senior,30,48,0.53,1,4,2,0
Senior,30,58,0.18,0,6,1,0
Senior,35,51,0.47,7,36,1,1
Junior,32,49,0.25,5,2,2,0
Pleno,36,45,0.39,4,27,1,1
Junior,28,41,0.33,5,2,3,0
Pleno,20,44,0.56,4,11,2,0
Senior,27,53,0.58,4,27,5,0
Pleno,27,47,0.59,1,4,2,0
Senior,20,54,0.24,7,15,1,1
Pleno,36,51,0.11,4,0,2,0
Senior,40,42,0.31,4,13,5,0
Junior,29,48,0.23,4,25,3,0
Junior,25,50,0.46,2,23,4,0
Junior,31,43,0.18,7,7,1,1
Junior,30,39,0.43,4,16,1,0
Pleno,29,38,0.42,6,5,2,0
Junior,27,40,0.21,5,18,1,0
Senior,20,61,0.31,4,21,2,1
Pleno,31,42,0.11,6,13,5,0
Senior,21,58,0.39,7,10,2,1
Pleno,28,44,0.27,1,3,3,0
Junior,32,43,0.31,5,3,4,0
Senior,25,39,0.14,1,0,5,0
Junior,23,47,0.36,7,15,1,1
Pleno,30,47,0.2,8,18,1,1
Junior,41,46,0.53,4,8,2,0
Junior,30,42,0.46,4,8,1,1
Junior,27,54,0.4,8,24,4,1
Junior,37,39,0.13,4,2,1,0
Senior,22,52,0.5,0,18,1,0
Pleno,27,52,0.49,5,8,3,1
Pleno,26,41,0.2,4,5,1,0
Pleno,31,43,0.41,3,2,1,0
Junior,32,43,0.37,6,4,2,0
Pleno,20,52,0.56,4,11,2,1
Pleno,20,57,0.44,8,11,3,1
Pleno,33,41,0.6,5,7,5,0
Junior,36,42,0.56,1,0,1,0
Pleno,30,50,0.43,3,17,1,1
Pleno,34,41,0.46,2,22,4,0
Junior,26,47,0.51,1,3,4,0
Junior,36,45,0.44,4,12,5,0
Pleno,25,42,0.22,3,16,2,0
Pleno,41,48,0.17,4,5,1,0
Pleno,23,48,0.45,10,7,4,1
Junior,28,47,0.21,4,5,2,0
Junior,36,44,0.12,7,12,4,0
Senior,30,53,0.35,8,36,4,1
Junior,33,42,0.49,3,5,4,0
Junior,28,40,0.18,7,1,3,0
Senior,26,51,0.17,5,19,3,0
Pleno,20,43,0.38,7,8,4,0
Pleno,31,43,0.29,6,0,2,0
Junior,24,49,0.31,4,0,2,0
Pleno,30,48,0.17,6,6,5,0
Pleno,32,57,0.56,4,7,3,1
Junior,27,42,0.3,4,0,4,0
Pleno,30,53,0.52,4,36,3,1
Senior,23,51,0.52,3,26,4,0
Pleno,36,43,0.39,3,7,3,0
Junior,38,44,0.46,9,18,3,1
Junior,29,44,0.14,5,9,1,0
Senior,28,47,0.43,5,1,5,0
Junior,20,35,0.31,2,20,3,0
Pleno,28,48,0.37,6,0,4,0
Senior,25,47,0.57,3,4,3,0
Pleno,32,37,0.3,6,12,4,0
Junior,27,43,0.47,9,16,2,1
Junior,20,40,0.59,2,28,3,0
Senior,33,58,0.44,9,24,1,1
Junior,34,52,0.56,9,13,4,1
Junior,32,41,0.51,6,12,3,0
Pleno,32,52,0.14,5,28,1,1
Senior,39,39,0.41,2,18,2,0
Pleno,25,51,0.23,2,11,1,0
Pleno,30,43,0.4,3,2,1,0
Junior,39,38,0.3,4,0,2,0
